"Label","CanSMILES (RDKit Mol)"
"TICT","COc1cc(ccc1OC)c1nc2cc3nc(c4ccc(c(c4)OC)OC)c(c(c3cc2c(c1c1ccccc1)C)C)c1ccccc1"
"TICT","CCCN(c1ccc2c(c1)OC(=O)[C@@H](C2)C1=C2[C@H](C)CC(=[N+]2[B-](n2c1c(C)cc2C)(F)F)C)CCC"
"TICT","CC[NH+]([C-]1C=CC2=C(c3c(O[C@@H]2C1)cc(cc3)N1N=C(CC1=O)C)c1ccccc1C(=O)O)CC"
"TICT","CN(c1ccc(cc1)c1oc2ccccc2c(=O)c1O)C"
"TICT","Oc1c(oc2c(c1=O)cccc2)c1ccc(cc1)N1CCCCC1"
"TICT","Oc1c(oc2c(c1=O)cccc2)c1ccc(cc1)N1CCOCC1"
"TICT","CN(c1c(C)c(C)cc2c1cccc2)C"
"TICT","CN(c1c(C)c(C)c(c2c1cccc2)N(C)C)C"
"TICT","CC1=CC(=[N+]2C1=C(c1ccc(cc1)N/C=C/1\C=CC=CC1=O)c1c(C)cc(n1[B-]2(F)F)C)C"
"TICT","O=C1C=Cc2c(/C/1=C/Nc1ccc(cc1)C1=C3C(=CC(=[N+]3[B-](n3c1c(C)cc3C)(F)F)C)C)cccc2"
"TICT","CC1=[N+]2[C@@H](C(=O)N1C)Cc1c([B-]2(F)F)cc(c(c1)O)N(C)C"
"TICT","O=C1OC(C)(C)OC(=O)C1=Cc1ccc(cc1)O"
"TICT","COc1cc(C=C2C(=O)OC(OC2=O)(C)C)cc(c1O)OC"
"TICT","Cc1cc(cc(c1/C=C/1\Sc2c(C1=O)cccc2)C)N(C)C"
"TICT","Cc1c(/C=C/2\Sc3c(C2=O)cccc3)c(C)c2c3c1CCCN3CCC2"
"TICT","Cc1ccc(s1)c1cc[n+](cc1)C1=C([O-])CCC1=O"
"TICT","Cc1ccc(s1)c1cc[n+](cc1)C1=C(O)CCCC1=O"
"TICT","Cc1ccc(s1)c1cc[n+](cc1)C1=C([O-])CN(C1=O)c1c(F)c(F)c(c(c1F)F)F"
"TICT","CCN(c1ccc(c(c1)O)c1nc2c([nH]1)nccc2)C"
"TICT","CN(c1ccc(cc1)c1nc2c([nH]1)nccc2)C"
"TICT","NCCCSc1ccc(cc1)/C=C/c1cc[n+](cc1)CCCN"
"TICT","N#Cc1ccc(nc1)N1c2ccccc2Sc2c1cccc2"
"TICT","FC(c1ccc(nc1)N1c2ccccc2Sc2c1cccc2)(F)F"
"TICT","O=C1C=C(C(=O)[C@@H]1C)N(C)C"
"TICT","CN1C(=O)C=C(C1=O)N1CCCCC1"
"TICT","Oc1ccccc1/N=C/c1c(O)ccc2c1cccc2"
"TICT","CC(c1ccc(cc1)c1ccc(cc1)N(c1ccc(cc1)[C@@H]1c2cccn2[B-]([N+]2=CC=C[C@H]12)(F)F)c1ccc(cc1)c1ccc(cc1)C(C)(C)C)(C)C"
"TICT","CN(c1ccc(cc1)c1nc2ncccc2nc1c1ccc(cc1)N(C)C)C"
"TICT","CC(N([C@@H]1CC=CC=C1)C(C)C)C"
"TICT","c1ccc2c(c1)cc1c(c2n2c3ccccc3c3=CCCC=c23)cccc1"
"TICT","c1ccc(cc1)c1nc(nc(n1)c1ccccc1)c1ccc(cc1)N1[C@@H]2C=CC=C[C@H]2Oc2c1cccc2"
"TICT","[O-][S+2]([C@@H]1CC[C@H](C=C1)N1c2ccccc2C(c2c1cccc2)(C)C)([C@@H]1CCCC(=CC1)N1c2ccccc2C(c2c1cccc2)(C)C)[O-]"
"TICT","O=C1C[C@@H](C)c2c(O1)cc(c(c2)/N=C/c1c(O)ccc2c1cccc2)O"
"TICT","Cc1ccc2c(c1)sc([n+]2C)c1ccc(cc1)N(C)C"
"TICT","CCN(c1ccc(cc1)/C=C/c1cc[n+](cc1)C)CC"
"TICT","CCN(C1=C[C@@H]2C(=C(C)C=C(O2)O)C=C1)CC"
"TICT","FC(c1n[nH]c(c1)c1ccc2c(n1)cccc2)(F)F"
"TICT","O=Cc1ccc(cc1)N(C)C"
"TICT","O=c1cc(C)c2c(o1)c(/C=N/c1ccc(cc1)N(C)C)c(cc2)O"
"TICT","COC(=O)c1ccc(cc1NC1=C(O)/C(=C\C2=[N+](C)c3c(C2(C)C)cccc3)/C1=O)C(=C(c1ccccc1)c1ccccc1)c1ccccc1"
"TICT","N#CC(=Cc1cc2cc3CCCN4c3c(c2oc1=O)CCC4)C#N"
"TICT","O=c1oc2c(cc1/C=C/C1=[N+](C)c3c(C1(C)C)cccc3)cc1c3c2CCCN3CCC1"
"TICT","O=c1oc2c(cc1/C=C/C1=[N+](C)c3c(C1(C)C)c1ccccc1cc3)cc1c3c2CCCN3CCC1"
"TICT","[PbH2]1OC(O1)c1ccc(cc1)C1O[PbH2]O1"
"TICT","CO/C(=C/1\[C@@H]2C[C@@H]3C[C@H]1C[C@H](C2)C3)/c1cc([O-])ccc1/C=C/C1=CC(=C(C#N)C#N)c2c(O1)cccc2"
"TICT","O=c1oc2cc(ccc2c(c1)C(F)(F)F)N(C)C"
"TICT","O=c1cc(C)c2c(o1)cc(cc2)N(C)C"
"TICT","CCN(c1ccc2c(c1)oc(=O)cc2C)CC"
"TICT","CN(c1ccc(c2c1non2)[N+](=O)[O-])C"
"TICT","CN(c1ccc2c(c1)oc1c(c2c2ccccc2C(=O)O)ccc(=[N+](C)C)c1)C"
"TICT","CN(c1ccc2c(c1)[nH]c1c(c2)ccc(=[N+](C)C)c1)C"
"TICT","O=c1ccc2c(c1)oc1c(c2c2ccccc2C(=O)O)ccc(c1)N(C)C"
"TICT","CCN(c1ccc2c(c1)oc1c(n2)ccc(=[N+](CC)CC)c1)CC"
"TICT","CN(c1ccc2c3c1cccc3c(=O)n(c2=O)C)C"
"TICT","Cn1c(=O)c2ccc(c3c2c(c1=O)ccc3)N1CCC1"
"TICT","CN1C(=O)c2c(C1=O)cc(cc2)N(C)C"
"TICT","CN(c1ccc2c(c1)ccc(c2)C(=O)C)C"
"TICT","CC(=O)c1ccc2c(c1)ccc(c2)N1CCC1"
"TICT","CC(=O)c1ccc2c(c1)ccc(c2)N1CCCC1"
"TICT","CC(=O)c1ccc2c(c1)ccc(c2)N1CCCCC1"
"TICT","Cc1cc(n2c1[C@H](c1ccc(cc1)N1CCC1)[C@H]1C=CC=[N+]1[B-]2(F)F)C"
"TICT","Oc1ccc2c(c1/C=N\N=C\c1cccc3c1OCO3)cccc2"
"TICT","COc1cccc(c1O)/C=N/N=C/c1c(O)ccc2c1cccc2"
"TICT","Oc1ccccc1/C=N/N=C/c1c(O)ccc2c1cccc2"
"TICT","C=CC(=O)Nc1ccc(cc1)/N=C/c1ccccc1O"
"TICT","CCN(c1ccc2c(c1)oc1c(c2c2ccccc2C(=O)O)cc(c(=O)c1)c1nc2c(s1)cccc2)CC"
"TICT","CC[N+](=c1ccc2c(c1)oc1c(c2c2ccccc2C(=O)O)cc(c(c1)O)c1nc(c([nH]1)c1ccccc1)c1ccccc1)CC"
"TICT","CC[N+](=c1ccc2c(c1)oc1c(c2c2ccccc2C(=O)O)cc(c(c1)O)c1nc2c([nH]1)c1ccccc1c1c2cccc1)CC"
"TICT","CN(c1ccc(cc1)/C=C/c1sc2c(n1)c1ccccc1cc2)C"
"TICT","CCCCCCC#Cc1c2cc(sc2c(c2c1scc2)C#CCCCCCC)c1ccc(cc1)C1=C2C=CC=[N+]2[B-](n2c1ccc2)(F)F"
"TICT","CCCCCCC#Cc1c2cc(sc2c(c2c1scc2)C#CCCCCCC)c1cccc(c1)C1=C2C=CC=[N+]2[B-](n2c1ccc2)(F)F"
"TICT","O=C1C=CC=C[C@@H]1c1nc(=O)c2c([nH]1)cccc2"
"TICT","[O-][N+](=O)c1ccc(c2c1non2)N1CC[N+](CC1)(C)C"
"TICT","CCN(C1=CC/C(=C/2\Oc3ccccc3[C@H](C2=O)O)/C=C1)CC"
"TICT","C[NH+]1CCN(CC1)c1ccc2c3c1cccc3c(=O)n(c2=O)c1cccc2c1nccc2"
"TICT","CCCn1c(=O)c2ccc(c3c2c(c1=O)ccc3)N1CCN(CC1)C"
"TICT","COc1ccc(c(c1)/C=N/c1ccc(cc1)/C(=C(/c1ccccc1)\C1=CC=CCC1)/[C@@H]1CC=CC=C1)O"
"TICT","[O-]c1ccc(cc1)/C=C/1\N=C(N(C1=O)C)C"
"TICT","N#Cc1cc2ccc(cc2oc1=N)c1ccc(cc1)N(C)C"
"TICT","Oc1ccccc1/N=C\c1cc(cc(c1O)C(C)(C)C)C(C)(C)C"
"TICT","c1ccc(cc1)N(c1ccccc1)c1ccc(cc1)c1nc2c(s1)cccc2"
"TICT","COc1cc(ccc1c1nc2c(s1)cccc2)N(c1ccccc1)c1ccccc1"
"TICT","Oc1cc(ccc1c1nc2c(s1)cccc2)N(c1ccccc1)c1ccccc1"
"TICT","c1ccc(cc1)c1ccc(cc1)[n+]1ccc(cc1)c1ccncc1"
"TICT","Cc1ccc(cc1)c1ccc(cc1)[n+]1ccc(cc1)c1cc[n+](cc1)C"
"TICT","C[n+]1ccc(cc1)c1cc[n+](cc1)c1ccc(cc1)c1ccc(cc1)Br"
"TICT","N#CC(=Cc1sc(nc1c1ccc2c3c1cccc3CC2)N1CCOCC1)C#N"
"TICT","N#C/C(=C/c1sc(nc1c1ccc2c3c1cccc3CC2)N1CCOCC1)/c1nc2c(s1)cccc2"
"TICT","N#CC(=C1C=C(/C=C/c2sc(nc2c2ccc3c4c2cccc4CC3)N2CCOCC2)CC(C1)(C)C)C#N"
"TICT","CCN(c1ccc2c(c1)oc(=O)c(c2)c1nc2c([nH]1)cccc2)CC"
"TICT","C/C(=C\COc1ccc(cc1)C1=C2C=CC=[N+]2[B-](n2c1ccc2)(F)F)/C=C/C(C)C"
"TICT","CC1=[N+]2C(=C(c3ccc(cc3)OCCC[P+](c3ccccc3)(c3ccccc3)c3ccccc3)c3n([B-]2(F)F)c(C)c(c3C)/C=C/2\C(=NN(C2=O)C)C)C(=C1)C"
"TICT","CN(c1ccc(cc1)c1ccccc1c1nc2c(s1)cccc2)C"
"TICT","CN(c1ccc(cc1)c1ccccc1c1ccccc1c1nc2c(s1)cccc2)C"
"TICT","CN(c1ccc(cc1)c1ccccc1c1ccc(cc1)c1nc2c(s1)cccc2)C"
"TICT","CN(c1ccccc1c1cccc(c1)c1nc2c(s1)cccc2)C"
"TICT","CN(c1ccc(cc1)c1cccc(c1)c1ccccc1c1nc2c(s1)cccc2)C"
"TICT","CN(c1ccc(cc1)c1ccc(cc1)c1ccccc1c1nc2c(s1)cccc2)C"
"TICT","Cc1ccc(cc1)C1=C2C=CC=[N+]2[B@@-]2(n3c1ccc3c1c(O2)cccc1)F"
"TICT","CCOC(=O)/C(=C/C=C/c1ccc(cc1)N(C)C)/C#N"
"TICT","CC1=N/C(=C\c2ccccc2N)/C(=O)N1C"
"TICT","N#CC(=C(c1ccccc1)/C=C/c1cc2c3ccccc3n(c2cc1OC)C)C#N"
"TICT","CC1=N/C(=C\c2ccccc2N(C)C)/C(=O)N1C"
"TICT","CC[C@H](N(C1=CC[C@H](CC1)C#N)C(C)C)C"
"TICT","CN(CCn1c(=O)c2ccc(c3c2c(c1=O)ccc3)/C=C/c1ccc(cc1)O)C"
"TICT","N#Cc1ccc(cc1)c1c2ccccc2c(c2c1cccc2)c1c2ccccc2c(c2c1cccc2)c1ccc(cc1)O"
"TICT","c1ccc(cc1)c1nc(nc(n1)c1ccccc1)c1ccc(cc1)c1c2ccccc2c(c2c1cccc2)c1c2ccccc2c(c2c1cccc2)c1ccc(cc1)n1c2ccccc2c2c1cccc2"
"TICT","CCOC(=O)c1ccc(cc1)N(C)C"
"TICT","CCCCCCCCCCCCCCCCOC(=O)c1ccc(cc1)N(C)C"
"TICT","F[B-]1(F)[N+]2=CC=CC2=C(c2n1ccc2)c1ccc(cc1)C#Cc1ccc(cc1)C(=C(c1ccccc1)c1ccccc1)c1ccccc1"
"TICT","O=C(c1ccccc1O)/C=C/c1ccc(cc1)N1CCCC1"
"TICT","Oc1ccc(cc1/C=N/c1ccc(cc1)C(=C(c1ccccc1)c1ccccc1)c1ccccc1)[N+](=O)[O-]"
"TICT","COc1ccc(cc1)N(c1ccc(cc1)OC)c1ccc(cc1)[Si]([Si](c1sc(c2c1nc(C)c(n2)C)[Si]([Si](c1ccc(cc1)N(c1ccc(cc1)OC)c1ccc(cc1)OC)(C)C)(C)C)(C)C)(C)C"
"TICT","C[n+]1c(/C=C/c2ccc(cc2)N(c2ccccc2)c2ccccc2)sc2c1cccc2"
"TICT","CC(c1cc(cc(c1B(c1ccc(cc1)N1CCCC1)c1ccc(cc1)c1nc(nc(n1)C(C)(C)C)C(C)(C)C)C(C)C)C(C)C)C"
"TICT","CNC(=O)/C(=C/c1cc2CCCN3c2c(c1)CCC3)/C#N"
"TICT","CN(c1ccc(cc1)/C=C/c1nc2c(s1)cccc2)C"
"TICT","F[B-]1(F)[N+]2=CC=CC2=C(c2n1ccc2)c1ccc(cc1)C(=C(c1ccccc1)c1ccccc1)c1ccccc1"
"TICT","O=C1c2c(C(=O)N1C1CCCCC1)cccc2N1CCCCC1"
"TICT","O=C1N(C2CCCCC2)C(=O)c2c1c(ccc2)N1CCCC1"
"TICT","CC1=N/C(=C\c2ccc(cc2)N(C)C)/C(=O)N1"
"TICT","COc1ccc(cc1)N(c1ccc(cc1)OC)c1ccc(cc1)/C=C/c1ccc(cc1)c1nc(nc(n1)c1ccc(cc1)/C=C/c1ccc(cc1)N(c1ccc(cc1)OC)c1ccc(cc1)OC)c1ccc(cc1)/C=C/c1ccc(cc1)N(c1ccc(cc1)OC)c1ccc(cc1)OC"
"TICT","COc1ccc(cc1)/C=C/C(=O)c1ccc(cc1)N(C)C"
"TICT","CN(c1ccc(cc1)C(=O)/C=C/c1ccccc1)C"
"TICT","Clc1ccc(cc1)/C=C/C(=O)c1ccc(cc1)N(C)C"
"TICT","N#Cc1ccc(cc1)/C=C/C(=O)c1ccc(cc1)N(C)C"
"TICT","N#CC(=Cc1cc2CCCN3c2c(c1)CCC3)C#N"
"TICT","CCCCCCCCCCOC(=O)/C(=C/c1cc2CCCN3c2c(c1)CCC3)/C#N"
"TICT","O=c1cc(C)c2c(o1)c(/C=N/c1ccc(cc1)C(C)C)c(cc2)O"
"TICT","O=c1ccc2c(o1)c(/C=N/c1ccc(cc1)N(C)C)c(cc2)O"
"TICT","CCOC(=O)c1cc2ccc(cc2oc1=O)N(CC)C"
"TICT","CCCC[n+]1ccc(cc1)c1cc2ccc(cc2oc1=O)N(CC)CC"
"TICT","CCCC[n+]1ccc(c2c1cccc2)/C=C/c1cc2ccc(cc2oc1=O)N(CC)CC"
"TICT","O=C(C(C)(C)C)c1ccc2c(c1)ccc(c2)N(C)C"
"TICT","O=C1/C(=C/c2cc(F)c(c(c2)F)O)/N=C(N1C)/C=C/c1ccccc1"
"TICT","Fc1ccc(c(c1)/C=C/C1=N/C(=C\c2cc(F)c(c(c2)F)O)/C(=O)N1C)F"
"TICT","COc1c(F)cc(cc1F)/C=C/1\N=C(N(C1=O)C)/C=C/c1cccc2c1cccc2"
"TICT","O=C1/C(=C/c2cc(F)c(c(c2)F)O)/N=C(N1C)/C=C/c1ccc(cc1)N(C)C"
"TICT","CC[n+]1c(/C=C\2/C=C(/C=C/c3ccc(cc3)N(C)C)CC(C2)(C)C)sc2c1cccc2"
"TICT","O[C@@H](c1ccc(cc1)n1c2ccccc2c2c1cccc2)CC(=O)c1ccc(cc1)n1c2ccccc2c2c1cccc2"
"TICT","CCN(c1ccc2c(c1)oc(=O)c(c2)/C=C/C1=[N+](C)[C@H]2C(=C=CC=C2)C1(C)C)CC"
"TICT","O=c1oc2c(cc1/C=C/C1=[N+](C)[C@H]3[C@@H](C1(C)C)C=CC=C3)cc1c3c2CCCN3CCC1"
"TICT","O=C1C=CC=C/C/1=C\1/N[C@@H]2N(C1)C=CC=C2"
"TICT","OCCO[C@@H](n1cnc2c1nc(C#Cc1cc3ccc4c5c3c(c1)ccc5ccc4)nc2N)[C@@H](CO)O"
"TICT","Cc1cc(cc(c1/C=C/1\Cc2c(C1=O)cccc2)C)N(C)C"
"TICT","Cc1c(/C=C/2\Cc3c(C2=O)cccc3)c(C)c2c3c1CCCN3CCC2"
"TICT","Nc1cccc2c1C(=O)c1ccccc1C2=O"
"TICT","COc1ccc(cc1)/C=C/c1ccc2c3c1cccc3C(=O)OC2=O"
"TICT","COc1cc(ccc1OC)/C=C/c1ccc2c3c1cccc3C(=O)OC2=O"
"TICT","CN(c1ccc(cc1)/C=C/c1ccc2c3c1cccc3C(=O)OC2=O)C"
"TICT","CC(c1ccc(cc1)c1ccc2n1[B-](F)(F)[N+]1=C(C=CC1=C2C(F)(F)F)c1ccccc1)C"
"TICT","N#Cc1ccc(cc1)Nc1ccc(cc1)/C=C/c1ccccc1"
"TICT","COc1ccc(cc1)Nc1ccc(cc1)/C=C/c1ccccc1"
"TICT","COC(=O)c1cc(cc(c1)n1c2ccccc2c2c1cccc2)C(=O)OC"
"TICT","COC(=O)c1cccc(c1)n1c2ccccc2c2c1cccc2"
"TICT","CCOC(=O)C1=CCC(=CC1)n1c2ccccc2c2c1cccc2"
"TICT","CN(c1ccc(cc1)C(=O)/C=C(/c1ccccc1)\O)C"
"TICT","COc1ccc(cc1)C1=C(C)C(=[O+][B-](O1)(F)F)c1ccc(cc1)OC"
"TICT","COc1ccc(cc1)C1=C(O[B-]([O+]=C1c1ccc(cc1)OC)(F)F)c1ccc(cc1)OC"
"TICT","C[n+]1ccc(cc1)/C=C/c1ccc(cc1)N(C)C"
"TICT","O=Cc1ccc2c(n1)cc(cc2)C#Cc1ccc(cc1)N(C)C"
"TICT","N#CC(=Cc1ccc(s1)c1ccc(s1)c1ccc(cc1)O)C#N"
"TICT","CN(c1ccc(cc1)/C=C/[N+](=O)[O-])C"
"TICT","CN(c1ccc(cc1)c1ccc(cc1)[N+](=O)[O-])C"
"TICT","N#C/C(=C/c1cn(nc1c1ccccc1)c1ccccc1)/C(=O)O"
"TICT","N#CC(=C(c1ccccc1)/C=C/c1cn(nc1c1ccccc1)c1ccccc1)C#N"
"TICT","O=C(C1=C(O)c2c(CC1=O)cccc2)/C=C/c1cn(nc1c1ccccc1)c1ccccc1"
"TICT","N#CC(=C1C=C(/C=C/c2cn(nc2c2ccccc2)c2ccccc2)CC(C1)(C)C)C#N"
"TICT","O=Cc1cc(C)c(c(c1)C)c1c(C)cc(cc1C)N(C)C"
"TICT","O=Cc1ccc(c2c1cccc2)c1ccc(c2c1cccc2)N1CCCCC1"
"TICT","Cc1cc(C)c(c(c1)C)B(n1c(ccc1c1ccccc1)c1ccccc1)c1c(C)cc(cc1C)C"
"TICT","N#C/C(=C\c1cc2CCCN3c2c(c1)CCC3)/C(=O)O"
"TICT","C1CCN(CC1)c1c2ccccc2c(c2c1cccc2)N1CCCCC1"
"TICT","c1ccc(cc1)N(c1ccccc1)c1ccc(cc1)c1ccc(cc1)C1=N[C@H]2[C@H](N1c1ccccc1)c1ccccc1c1c2cccc1"
"TICT","Cc1c2CCCN3c2c(c(c1c1c2ccccc2cc2c1cccc2)C)CCC3"
"TICT","Cc1cc(C)c(c(c1)C)c1c2ccccc2[n+](c2c1cccc2)C"
"TICT","N#Cc1cc(ccc1C#N)c1ccc(cc1)N(c1ccccc1)c1ccccc1"
"TICT","C[n+]1ccccc1/C=C/c1ccc(cc1)N(C)C"
"TICT","O=C(c1ccccc1)C/C(=N/c1ccc(cc1)Cc1ccc(cc1)/N=C(\c1ccccc1)/CC(=O)c1ccccc1)/c1ccccc1"
"TICT","O=C/C=C/c1ccc(cc1)N(C)C"
"TICT","COc1ccc(cc1)N(c1ccc(cc1)C=O)c1ccccc1"
"TICT","CCN(c1ccc2c(c1)oc(=O)c(c2)/C(=C/C=C/c1ccc(cc1)/C=C(\C(=O)O)/C#N)/Cl)CC"
"TICT","O[C@@H]1[C@H](Oc2c(C1=O)cccc2)c1ccc(cc1)N(C)C"
"TICT","CCN(c1ccc(c(c1)O)c1[nH]c2c([nH+]1)cccc2)CC"
"TICT","CCN(c1ccc(c(c1)OC)c1[nH]c2c([nH+]1)cccc2)CC"
"TICT","CCN(c1ccc(c(c1)O)c1[nH+]c2c(n1C)cccc2)CC"
"TICT","CCN(c1ccc(c(c1)OC)c1[nH+]c2c(n1C)cccc2)CC"
"TICT","CCN(c1ccc(cc1)c1[nH+]c2c(n1C)cccc2)CC"
"TICT","Nc1ccc(cc1)c1nc2c([nH]1)cc[n+](c2)C"
"TICT","COc1cc(N)ccc1c1nc2c([nH]1)cc[n+](c2)C"
"TICT","O=c1[nH]c(=O)c2c(n1)n(C)c1c(n2)cc(c(c1)N(C)C)C"
"TICT","COc1cc(/C=C/c2cccc[n+]2C)cc(c1OC)OC"
"TICT","C[n+]1ccccc1/C=C/c1ccc2c3c1ccc1c3c(cc2)ccc1"
"TICT","CN(c1cc[n+](cc1)[Au]c1ccccc1)C"
"TICT","CCN(c1ccc(cc1)C(=O)c1ccc(cc1)N(CC)CC)CC"
"TICT","CCNc1ccc2c(c1)oc(=O)cc2C(F)(F)F"
"TICT","CCN(c1ccc(cc1)C1=Cc2c(Cl)ncc[n+]2[B-](O1)(F)F)CC"
"TICT","Brc1cc(Br)c2c(c1)cc(c(n2)C)C(=O)/C=C/c1c2ccccc2cc2c1cccc2"
"TICT","CN(c1ccc2c(c1)Cc1c2ccc(c1)[N+](=O)[O-])C"
"TICT","c1ccc(cc1)N(c1ccccc1)c1ccc(cc1)c1ccc(cc1)c1nc2c(n1c1ccccc1)cccc2"
"TICT","c1ccc(cc1)N(c1ccccc1)c1ccc(cc1)c1ccc(cc1)c1ccc(cc1)c1nc2c(n1c1ccccc1)cccc2"
"TICT","CCN(c1ccc(c(c1)O)/C=N/c1ccccc1O)CC"
"TICT","CCCCn1c(=O)c2ccc(c3c2c(c1=O)ccc3)NCc1ccccc1[Se]c1ccccc1"
"TICT","c1ccc(cc1)/C=C/c1nc2c(n1c1ccccc1)[C@@H]1C=CC=C[C@H]1c1c2cccc1"
"TICT","Cc1ccc2c(n1)ccc(c2)/C=C/c1ccc(cc1)N(C)C"
"TICT","CN(c1ccc(cc1)/C=C/c1ccc(cc1)[N+](=O)[O-])C"
"TICT","O=Cc1cc2ccc(cc2oc1=O)N(C)C"
"TICT","CN1CCc2c1cc1CC/C(=C\3/CCc4c3ccc(c4)[N+](=O)[O-])/c1c2"
"TICT","CN1[C@@H](Nc2c1c(C#Cc1ccccc1)ccc2C#Cc1ccccc1)c1scc(c1)c1ccccc1"
"TICT","CCCNC(=O)c1cc2ccc(cc2oc1=O)N(CC)CC"
"TICT","COc1ccc(cc1)N(c1ccc(cc1)/C=C/c1ccccc1)C"
"TICT","C[N+](=C1C=C[C@H](C=C1)[C@@H](c1ccc(cc1)N(C)C)c1ccccc1)C"
"TICT","CN(c1ccc(cc1)C(c1ccc(cc1)N(C)C)(c1ccccc1)O)C"
"TICT","CN(c1ccc(cc1)c1cc(nc(c1)c1ccccn1)c1ccccn1)C"
"TICT","CCN(c1ccc(cc1)c1ccc2c(c1)C(=O)c1c2ccc(c1)c1ccc(cc1)N(CC)CC)CC"
"TICT","C[n+]1ccc(cc1)/C=C/c1ccc(c(c1)C)N(C)C"
"TICT","CCC(=O)c1ccc(cc1)C(C)C"
"TICT","COC(=O)c1ccc(cc1OC)N(C)C"
"TICT","Oc1ccc(cc1c1nc2c(s1)cccc2)NC(=O)c1c2ccccc2cc2c1cccc2"
"TICT","CN(c1ccc(cc1)/N=N/c1ccc(cc1)c1nc2c(o1)cccc2)C"
"TICT","CN(c1ccc(cc1)/C=C/1\N=C(N(C1=O)C)c1ccccc1)C"
"TICT","O=C1/C(=C/c2ccc(cc2)N(c2ccccc2)c2ccccc2)/N=C(N1C)c1ccccc1"
"TICT","CCN(c1ccc(cc1)/C=N/c1ccc(c(c1)C)c1nc2c(o1)cccc2)CC"
"TICT","CN(c1ccc(cc1)/C=C/c1ccc(cc1)c1cc(cc(c1)c1ccccn1)c1ccccn1)C"
"TICT","CN(c1cc2oc(=O)ccc2cc1)CC"
"TICT","O=Cc1ccc(cc1O)N(C)C"
"TICT","OC[C@H]1CCCN1c1ccc(cc1)[N+](=O)[O-]"
"TICT","CN(c1ccc(cc1)/C=C/C=C/C#N)C"
"TICT","CCCCCCOc1ccc(c(c1)c1ccc(nc1)c1ccccn1)OCCCCCC"
"TICT","O=C(c1cccc(c1)C(=O)Nc1ccc(c(c1)O)c1sc2c(n1)cccc2)NC1=CC(=O)/C(=c/2\[nH]c3c(s2)cccc3)/C=C1"
"TICT","Nc1ccc(cc1)[S+2](Nc1ncccn1)([O-])[O-]"
"TICT","c1ccc2c(c1)c(c1c(n2)cccc1)c1c2ccccc2nc2c1cccc2"
"TICT","CCCCCCCNC(=O)c1ccccc1NC(=O)c1cc2ccccc2cc1O"
"TICT","CN(c1ccc(cc1)/C=C/C=C/C(=O)O)C"
"TICT","CCCCCCC(n1c(=O)c2ccc3c4c2c(c1=O)ccc4c(=O)n(c3=O)C(CCCCCC)CCCCCC)CCCCCC"
"TICT","Oc1ccc(cc1)/C=C/c1cc[n+](cc1)C"
"TICT","CSc1ccccc1/N=C/c1ccc(cc1)/C=N/c1ccccc1SC"
"TICT","COc1ccc(cc1)Nc1ccc(cc1)/C=C/c1ccc(cc1)C#N"
"TICT","Oc1ccc(cc1)C[C@H]1N=C(N(C1=O)C)C"
"TICT","OC[C@H](COC(=O)/C(=C/c1ccc(cc1)N(C)C)/C#N)O"
"TICT","CN(c1ccc(cc1)c1nc2c(n1C)nccc2)C"
"TICT","COc1cc(ccc1C=O)N(C)C"
"TICT","c1ccc(cc1)N(c1ccccc1)c1ccc(cc1)/C=C/c1nc2c(s1)nc1c(n2)cccc1"
"TICT","C1CN2CCCc3c2c(C1)cc(c3)/C=C/c1nc2c(s1)nc1c(n2)cccc1"
"TICT","N#C/C(=C\c1cc(c2ccccc2)c(cc1c1ccccc1)/C=C(/c1ccc(cc1)N(c1ccccc1)c1ccccc1)\C#N)/c1ccc(cc1)N(c1ccccc1)c1ccccc1"
"TICT","OC(=O)C1=CC=C(CC1)c1ccc(cc1)N(c1ccccc1)c1ccccc1"
"TICT","N#Cc1cc(c2ccncc2)c(nc1[O-])C"
"TICT","N#Cc1cc(c2cc[nH+]cc2)c(nc1O)C"
"TICT","CC[n+]1c(c2ccccc2)c2cc(N)ccc2c2c1cc(N)cc2"
"TICT","CCN(c1ccc(cc1)c1c2cc(N)ccc2c2c([n+]1CC)cc(cc2)N)CC"
"TICT","O=C1c2c(cccc2c2c1cccc2)N(C)C"
"TICT","CCCOc1ccc(cc1)/C=C/c1ccc(cc1)[N+](=O)[O-]"
"TICT","CCCCN1c2ccc(cc2Sc2c1cccc2)C(=O)N"
"TICT","CCOC(=O)c1cc(c2ccc(cc2)N(C)C)c(c(c1C#N)N)C#N"
"TICT","CCc1ccc2n1[B-](F)(F)[N+]1=C(CC)C=CC1=C2c1ccc(cc1)N(c1ccccc1)c1ccccc1"
"TICT","F[B-]1(F)[N+]2=CC=CC2=C(c2n1ccc2)c1ccc(cc1)N(c1ccccc1)c1ccccc1"
"TICT","CCc1ccc2n1[B-](F)(F)[N+]1=C(CC)C=CC1=C2c1ccc(cc1)c1ccc(cc1)N(c1ccccc1)c1ccccc1"
"TICT","CC[n+]1ccccc1/C=C/C=C/c1ccc(cc1)N(C)C"
"TICT","N#Cc1ccc(cc1)n1cccc1"
"TICT","C[n+]1ccc(cc1)/C=C/c1ccc(cc1)N(c1ccccc1)c1ccccc1"
"TICT","COC(=O)c1ccc(cc1)N(C)C"
"TICT","N#Cc1ccc(s1)n1cccc1"
"TICT","N#Cc1csc(c1)n1cccc1"
"TICT","CCN(c1ccc2c(c1)oc(=O)c(c2)c1nc2c(n1C)cccc2)CC"
"TICT","C[n+]1c(/C=C/c2c3ccccc3cc3c2cccc3)sc2c1cccc2"
"TICT","CCN(c1ccc(cc1)/C=N/c1ccc(cc1)C(=O)O)CC"
"TICT","N#CC(=C1C=C(/C=C/c2ccc(cc2)N(CC/N=C/c2ccccc2O)CCNCc2ccccc2O)CC(C1)(C)C)C#N"
"TICT","CCN(c1ccc(c(c1)OC)/C=C(/c1cc[n+](cc1)Cc1ccc(cc1)B(O)O)\C#N)C"
"TICT","O=C/C=C/c1sc(c2c1OCCO2)/C=C/c1ccc(cc1)N(C)C"
"TICT","CCOC(=O)CCCn1c2ccc(cc2c2c1ccc(c2)c1ccc(cc1)/C=C/C1=[N+](CCC)c2c([C@H]1C)cccc2)c1ccc(cc1)/C=C/C1=[N+](CCC)c2c(C1(C)C)cccc2"
"TICT","CC[C@@H]1C(=C2[N+](=C1C)[B-](F)(F)[N+]1=C(C(=C(C1=C2/C=C/c1cc(O)ccc1O)C)CC)C)C"
"TICT","N#C/C(=C\C1=C(Cl)/C(=C/C=C\2/N(C)c3c(C2(C)C)cccc3)/CCC1)/c1nc2c([nH]1)cccc2"
"TICT","CCN(c1ccc2c(c1)oc(=O)c(c2)/C(=C/C=C/C1=[N+](C)c2c(C1(C)C)cccc2)/Cl)CC"
"TICT","C[n+]1ccc(cc1)/C=C/c1ccc(cc1)N1[C@@H]2C=CC=C[C@H]2N(c2c1c1ccccc1c1c2cccc1)c1ccc(cc1)/C=C/c1cc[n+](cc1)C"
"TICT","CCn1c2ccc(cc2c2c1ccc(c2)/C=C/c1cc[n+](cc1)C)/C=N/Nc1ccc(cc1)[N+](=O)[O-]"
"TICT","CC1=CC(=[N+]2C1=C(c1cc[n+](cc1)Cc1ccccc1)c1c(C)cc(n1[B-]2(F)F)C)C"
"TICT","OC[C@@H](/C=C/C1=[N+](C)c2c(C1(C)C)cccc2)/C=C/[C@H]1N(C)c2c(C1(C)C)cccc2"
"TICT","N#CC(=C1OC(C(=C1C#N)/C=C/c1ccc2c(c1)ccc(c2)N1CCCC1)(C)C)C#N"
"TICT","N#C/C(=C\c1cc(C)c(c(c1)c1nc2c(s1)cccc2)O)/c1cccc[n+]1C"
"TICT","N#CC(=C1C=C(/C=C/c2ccc(cc2)c2nc(c([nH]2)c2ccccc2)c2ccccc2)Oc2c1cccc2)C#N"
"TICT","CCCCOc1ccc(cc1OC)/C=C/c1ccc2c([n+]1CCC[S+2]([O-])([O-])[O-])cccc2"
"TICT","CCCCOc1c(OC)cc(cc1OC)/C=C/c1ccc2c([n+]1CCC[S+2]([O-])([O-])[O-])cccc2"
"TICT","CCCCOc1ccc(cc1)/C=C/c1ccc2c([n+]1CCC[S+2]([O-])([O-])[O-])cccc2"
"TICT","N#CC(=CC1=C(Cl)/C(=C/C=C\2/N(C)c3c(C2(C)C)cccc3)/CCC1)C#N"
"TICT","CCC[N+]1=C(/C=C/C2=c3c(CCC2)cnc2n3cccc2O)C(c2c1ccc1c2cccc1)(C)C"
"TICT","C[N+]1=C(/C=C/c2ccc(s2)/C=C/C2=[N+](C)c3c(C2(C)C)cccc3)C(c2c1cccc2)(C)C"
"TICT","CN(c1ccc(cc1)/C=C/c1sc2c([n+]1Cc1ccccc1)cccc2)c1ccc(cc1)/C=C/c1sc2c([n+]1Cc1ccccc1)cccc2"
"TICT","CN(c1ccc2c(c1)ccc(c2)c1ccc(c2c1non2)N)C"
"TICT","CCOC(=O)c1ccccc1c1c2ccc(=[N+](CC)CC)cc2oc2c1cc(cc2C)c1ccccc1"
"TICT","C[N+]1=C(/C=C/c2ccc(s2)c2ccc(cc2)N(C)C)C(c2c1ccc1c2cccc1)(C)C"
"TICT","CN(c1ccc(cc1)/C=C/c1cccc([n+]1C)/C=C/c1ccc(cc1)N(C)C)C"
"TICT","C[n+]1c(cccc1/C=C/c1ccc(cc1)N(c1ccccc1)c1ccccc1)/C=C/c1ccc(cc1)C(c1ccccc1)c1ccccc1"
"TICT","C[n+]1ccccc1/C=C/c1ccc(cc1)N(c1ccccc1)c1ccccc1"
"TICT","CCCCn1c(=O)c2ccc(c3c2c(c1=O)ccc3)C#Cc1ccc2c(c1)Sc1c(N2C)cccc1"
"TICT","CCCCn1c(=O)c2ccc(c3c2c(c1=O)ccc3)C#Cc1ccc2c(c1)SC1=C(N2C)CCC(=C1)C#Cc1ccc2c3c1cccc3c(=O)n(c2=O)CCC"
"TICT","N#C/C(=C\c1ccc(cc1OC)C(C)C)/c1ccc(cc1)c1cc[n+](cc1)C"
"TICT","N#CC(=C(c1ccc2c3c1cccc3CC2)/C=C/c1ccc(cc1)N(C)C)C#N"
"TICT","N#CC(=C(c1ccc2c3c1cccc3CC2)/C=C/C1=CC2=C3[C@@H](C1)CCCN3CCC2)C#N"
"TICT","N#CC(=C(c1ccc2c3c1cccc3CC2)/C=C/c1ccc(cc1)N(c1ccccc1)c1ccccc1)C#N"
"TICT","CCN(c1ccc(c(c1)O)/C=C/C1=[N+](C)c2c(C1(C)C)c1ccccc1cc2)CC"
"TICT","Fc1ccc(cc1)c1c(/C=C/C=C/C2=[N+](C)c3c(C2(C)C)c2ccccc2cc3)n(c2c1cccc2)C(C)C"
"TICT","CC#Cc1c2sc(cc2c(c2c1cc(s2)C1=CC=C(C#C1)C1=C2C=CC=[N+]2[B-](n2c1ccc2)(F)F)C#CC)c1ccc(cc1)C1=C2C=CC=[N+]2[B-](n2c1ccc2)(F)F"
"TICT","CCc1ccc(cc1)/N=C/c1ccc(cc1)N(c1ccccc1)c1ccccc1"
"TICT","OC[C@H]1O[C@H](C[C@@H]1O)c1ccc(cc1)C(=O)c1ccc(cc1)N(C)C"
"TICT","CN(c1ccc(cc1)c1c(nc2n1[B-](F)(F)[n+]1c2cccc1)c1ccc(cc1)N(C)C)C"
"TICT","[O-][S+2]1([O-])c2ccc(cc2c2c1ccc(c2)N1C2=C(C=CCC2)Sc2c1cccc2)N1c2ccccc2Sc2c1cccc2"
"TICT","COC(=O)c1ccc(cc1)n1c(cc2c1cc(n2c1ccc(cc1)C(=O)OC)c1ccccc1)c1ccccc1"
"TICT","S[C@@H]1CC(=O)N(C1=O)c1nc2c(s1)cccc2C"
"TICT","N#C/C(=C\c1cc2CCCN3c2c(c1)CCC3)/c1ccc(cc1)c1ccc(cc1)C=C"
"TICT","C1OCCOCCOCCOc2c(OC1)cc(/N=C/c1ccc(cc1)N(c1ccccc1)c1ccccc1)cc2"
"TICT","Cc1cc2Cc3cc(C)cc4c3[B-]3=[N+]5c6c(c(c1)c23)cccc6Sc1c5c4ccc1"
"TICT","Cc1cc2Cc3cc(C)cc4c3[B-]3=[N+]5c6c(c(c1)c23)cc(Br)cc6Sc1c5c4cc(c1)Br"
"TICT","COc1ccc(cc1)N(c1ccc2c3c1ccc1c3c(cc2)c(cc1)B(c1c(C)cc(cc1C)C)c1ccc(cc1C)C)c1ccc(cc1)OC"
"TICT","COc1ccc(cc1)N(c1cc2ccc3c4c2c(c1)ccc4cc(c3)B(c1c(C)cc(cc1C)C)c1ccc(cc1C)C)c1ccc(cc1)OC"
"TICT","O=C(c1ccccc1O)/C=C/c1ccc(cc1)N(C)C"
"TICT","CCCCC[C@@]1(CCCC)c2cc(ccc2c2c1cc(cc2)c1ccc2c3c1ccc1c3c(cc2)ccc1)c1ccc2c3c1cccc3c(=O)n(c2=O)CCC"
"TICT","CC(N1c2ccc(cc2Sc2c1cccc2)/C=C/c1nc2c(s1)nc1c(n2)cccc1)(C)C"
"TICT","CCN1c2ccc(cc2Sc2c1cccc2)/C=C/C1=Nc2c(C1(C)C)c1ccccc1cc2"
"TICT","Nc1ccc(cc1)/C=C/c1nc2c(s1)cc(cc2)N(C)C"
"TICT","COc1ccc(cc1)/C=C/c1nc2c(s1)cc(cc2)N(C)C"
"TICT","CN(c1ccc2c(c1)sc(n2)/C=C/c1ccc(cc1)C(F)(F)F)C"
"TICT","CNc1ccc(cc1)/C=C/c1nc2c(s1)cccc2"
"TICT","c1ccc(cc1)N(c1ccccc1)c1ccc(cc1)c1ccc(cc1)c1nc2c(nc1c1ccc(cc1)c1ccc(cc1)N(c1ccccc1)c1ccccc1)c1nsnc1c1c2nsn1"
"TICT","c1ccc(cc1)N(c1ccccc1)c1ccc(cc1)c1ccc2c(c1)c1cc(ccc1c1c2nc2c(n1)c1nsnc1c1c2nsn1)c1ccc(cc1)N(c1ccccc1)c1ccccc1"
"TICT","CCN(c1ccc(cc1)/C=N/c1ccccc1C(=C)O)CC"
"TICT","CN(c1ccc(cc1)/C=C/c1cc[n+](cc1)Cc1ccc(cc1)B1OC(C(O1)(C)C)(C)C)C"
"TICT","CC1=[N+]2C(=C(C)c3n([B-]2(F)F)c(C)c(c3C)c2csc(n2)N2CCOCC2)C(=C1C)C"
"TICT","Oc1ccc2c(c1/C=N/c1ccc(cc1)C(=O)O)cccc2"
"TICT","CN(c1ccc(cc1)/C=C/C=C/c1sc2c([n+]1C)cccc2)C"
"TICT","CCN(c1ccc2c(c1)oc(=O)c(c2)c1cc(SC)c(c(=O)o1)C#N)CC"
"TICT","CSc1cc(oc(=O)c1C#N)c1cc2cc3CCCN4c3c(c2oc1=O)CCC4"
"TICT","N#C/C(=C\c1ccc2c(c1)Sc1c(N2C)cccc1)/c1ccc(cc1)C"
"TICT","CCN(c1ccc(c(c1)O)/C=N/c1ccc(cc1)C(=O)O)CC"
"TICT","CCN(c1ccc(c(c1)O)/C=N/c1ccccc1C(=O)O)CC"
"TICT","N#C/C(=C\c1ccc2c(c1)Sc1c(N2CC)cccc1)/c1ccc(cc1)C(=C(c1ccccc1)c1ccccc1)c1ccccc1"
"TICT","[O-][N+](=O)c1ccccc1c1nc2c([nH]1)c1C(=O)c3ccccc3C(=O)c1cc2"
"TICT","CN(c1ccc(cc1)/C=C/C=C/C1=[N+](C)c2c(C1(C)C)cccc2)C"
"TICT","CN(c1ccc(cc1)c1cnc2n1[B-](F)(F)[n+]1c2cccc1)C"
"TICT","c1ccc(cc1)[B-](c1ccccc1)(c1ccccc1)c1ccccc1"
"TICT","COc1ccc(cc1)C(=C(c1ccc(cc1)OC)c1ccc(cc1)OC)c1cc[n+](cc1)C"
"TICT","CN(c1ccc(cc1)c1nc2c([nH]1)ccnc2)C"
"TICT","CCN(c1ccc(c(c1)O)/C=N/c1cc(cc(c1)C(=O)OC)C(=O)OC)CC"
"TICT","N#Cc1cc(C)c(c(c1)C)c1ccc(cc1)B(O)O"
"TICT","C#Cc1ccc(cc1)c1ccc(cc1)B(O)O"
"TICT","CCN(c1ccc2c(c1)oc(=O)c(c2)/C=C/C(=O)c1ccc(cc1)CNC(=O)CCCC[C@H]1OCc2c1[nH]c(=O)[nH]2)CC"
"TICT","OCCNc1cc2c(=O)n(CCCO)c(=O)c3c2c2c1c(=O)n(CCO)c(=O)c2cc3N(N1CCNCC1)N1CCNCC1"
"TICT","OCCNc1cc2c3c4c1CC(=O)N(C(=O)c4cc(c3c(=O)n(c2=O)CCO)N(C)C)CCO"
"TICT","OCCNc1cc2c(=O)n(CCO)c(=O)c3c2c2c1c(=O)n(CCO)c(=O)c2cc3N1CCCCC1"
"TICT","CCCn1c(=O)c2ccc(c3c2c(c1=O)ccc3)N(CCN(c1cccc2c1cccc2)c1ccccc1)C"
"TICT","CCCCn1c(=O)c2ccc(c3c2c(c1=O)ccc3)N1CCN(CC1)Cc1cccc(n1)CSc1ccccn1"
"TICT","CNCCn1c(=O)c2ccc(c3c2c(c1=O)ccc3)N(CCN(c1ccccc1)C)C"
"TICT","Brc1c2ccc(cc2c(c2c1ccc(c2)C(C)(C)C)B1c2ccccc2B(c2c1cccc2)c1c2cc(ccc2c(c2c1cc(cc2)C(C)(C)C)Br)C(C)(C)C)C(C)(C)C"
"TICT","CCN(c1ccc(cc1)/C=N/C(=C(/C#N)\N)/C#N)CC"
"TICT","CCN(c1ccc2c(c1)oc(=O)cc2C(F)(F)F)CC"
"TICT","CCN(c1ccc2c(c1)oc(=O)cc2)CC"
"TICT","CCN(c1ccc2c(c1)oc(=O)c(c2)/C=C/c1cc[n+](cc1)C)CC"
"TICT","COc1ccc(cc1)/C=C/C1=N/C(=C\c2ccc(cc2)OC)/C(=O)N1C"
"TICT","N#C/C(=C\C=C\C=C\c1c(OC)cc(cc1OC)N(C)C)/C(=O)OCc1ccco1"
"TICT","CCC1(CC)c2cc(/C=C/c3ccc4c5c3cccc5c3n(c4=O)c4c(n3)cc(cc4)C(C)(C)C)ccc2c2c1cc(cc2)N(c1ccccc1)c1ccccc1"
"TICT","O=c1c2ccc(c3c2c(c(=O)n1c1ccccn1)ccc3)Cc1ccc2c3c1cccc3c(=O)n(c2=O)c1ccccn1"
"TICT","CC[N+]1=C(/C=C/c2ccc(cc2)[C@H]([C@@H](c2ccccc2)C2=CC=CCC2)c2ccccc2)C(c2c1cccc2)(C)C"
"TICT","CC(=O)OCCN(c1ccc(cc1)CCC1=[N+](C)c2c(C1(C)C)cccc2)CCCOC(=O)C"
"TICT","N#C/C(=C\C=C\c1ccc(cc1)N(C)C)/c1nc2c(s1)cccc2"
"TICT","CCN(c1ccc2c(c1)oc(=O)c(c2)C=C1C(=O)c2c(C1=O)cccc2)CC"
"TICT","CN(c1ccc(cc1)c1ccc2c(c1)ccc1c2cc2cccc[n+]2c1)C"
"TICT","C[n+]1ccc(cc1)/C=C/c1ccc(cc1)N(c1ccc(cc1)c1ccncc1)c1ccc(cc1)c1ccncc1"
"TICT","C[C@H]1OB(OC1(C)C)c1ccc(cc1)C[n+]1ccc(cc1)c1ccc(cc1)c1ccc(cc1)N(c1ccccc1)c1ccccc1"
"TICT","CC[N+]1=C(/C=C/C=C/c2ccc(cc2)N(C)C)C(c2c1ccc1c2C=CCC1)(C)C"
"TICT","CC[N+]1=C(/C=C/C=C/c2ccc(cc2)N2CCCC2)C(c2c1ccc1c2cccc1)(C)C"
"TICT","CN1c2ccc(cc2Sc2c1cccc2)/C=C/c1sc2c(n1)N[C@H]1C(=N2)C=CC=C1"
"TICT","ICCNc1cc2c3c4c1c(=O)n(c(=O)c4cc(c3c(=O)n(c2=O)CC)Nc1cccc2c1nccc2)CC"
"TICT","C[n+]1ccccc1/C=C/c1ccc(cc1)c1nc(c(n1c1ccccc1)c1ccccc1)c1ccccc1"
"TICT","BrCCCC(=O)Oc1c(/C=C/C2=CC(=C(C#N)C#N)CC(C2)(C)C)cc2c3c1cccc3c(=O)n(c2=O)CCCC"
"TICT","N#C/C(=C\c1ccc(cc1)n1c2ccccc2c2c1cccc2)/c1ccncc1"
"TICT","O=C(c1ccccc1)/N=C(/N(C(=O)c1ccccc1)c1ccccc1)\c1ccc(cc1)N(c1ccccc1)c1ccccc1"
"TICT","C#C/C(=C(\C#N)/N)/N=C/c1ccc(cc1)c1ccc(cc1)N(c1ccccc1)C1=CCCC=C1"
"TICT","COC(=O)/C=C/c1ccc(cc1)N(c1ccccc1)c1ccc(cc1)c1c2nsnc2c(c2c1n[s+][n-]2)c1ccc(cc1)N(c1ccc(cc1)/C=C/C(=O)OC)c1ccccc1"
"TICT","C[n+]1ccc(cc1)/C(=C(\c1ccccc1)/c1ccc(cc1)N(c1ccccc1)c1ccccc1)/c1ccccc1"
"TICT","CN1c2ccc(cc2Sc2c1cccc2)c1ccc(c2c1nsn2)c1ccc(cc1)N(c1ccccc1)c1ccccc1"
"TICT","OC(=O)COc1cccc(c1)NC(=O)c1c2ccccc2cc2c1cccc2"
"TICT","CN(c1ccc(cc1)c1cc2c(cc1=O)oc1c(c2C)ccc(c1)N(C)C)C"
"TICT","NC(=O)c1ccccc1Nc1ccccc1"
"TICT","NC(=O)c1cccc(c1)Nc1ccccc1"
"TICT","NC(=O)c1ccc(cc1)Nc1ccccc1"
"TICT","O=C(n1c2ccccc2c2c1cccc2)c1ccccc1"
"TICT","N#CC1=C(c2ccccc2)/C(=C/c2ccc(cc2)c2ccc(cc2)N(c2ccccc2)c2ccccc2)/OC1=O"
"TICT","N#CC1=C(c2ccccc2)/C(=C/c2ccc(o2)c2ccc(cc2)N(c2ccccc2)c2ccccc2)/OC1=O"
"TICT","N#CC1=C(c2ccccc2)/C(=C/c2ccc(s2)c2ccc(cc2)N(c2ccccc2)c2ccccc2)/OC1=O"
"TICT","Oc1ccc(cc1)N(c1ccc2c3c1cccc3c(=O)n(c2=O)CCN1CCOCC1)C"
"TICT","Cc1cc(Cc2cc(C)cc(c2O)/C(=N/NC(=O)c2ccccc2)/C)c(c(c1)/C(=N/NC(=O)c1ccccc1)/C)O"
"TICT","COc1cc(OC)cc(c1c1c2ccccc2c(c2c1cccc2)/C=C/c1ccc2c(c1)Sc1c(N2C)cccc1)OC"
"TICT","Cc1ccc(cc1)c1nc2c(n1c1ccccc1)cccc2"
"TICT","Cc1ccc(cc1)c1nc(c(n1c1ccccc1)c1ccccc1)c1ccccc1"
"TICT","N#C/C(=C\c1ccc(cc1)OC)/c1ccc(cc1)c1ccc(cc1)N(c1ccccc1)c1ccccc1"
"TICT","C[Si](c1cc(c2ccc(cc2)[P+](c2ccccc2)(c2ccccc2)[O-])c(cc1c1ccc(cc1)n1c2ccccc2c2c1cccc2)[Si](C)(C)C)(C)C"
"TICT","C[Si](c1cc(c2ccc(cc2)[P+](c2ccccc2)(c2ccccc2)[O-])c(cc1c1ccc(cc1)N(c1ccccc1)c1ccccc1)[Si](C)(C)C)(C)C"
"TICT","N#C/C(=C(\c1ccc(cc1)c1ccccc1)/C#N)/c1ccc(cc1)/C=C/c1ccc(cc1)N(c1ccccc1)c1ccccc1"
"TICT","CCC[n+]1cc2ccc(cc2c(c1c1ccccc1)c1ccccc1)c1ccc(cc1)c1cc2ccc(cc2oc1=O)N(CC)CC"
"TICT","N#CC(=Cc1ccc(cc1)c1c2ccccc2cc2c1cccc2)C#N"
"TICT","N=c1oc2ccc(cc2cc1c1nc2c([nH]1)cccc2)C(=C(c1ccccc1)c1ccccc1)c1ccccc1"
"TICT","CN(c1ccc(cc1)CCc1ccnc2c1cccc2)C"
"TICT","CCCN1c2ccc(cc2Sc2c1cccc2)c1cccc(c1)c1nc2c(s1)cccc2"
"TICT","CCN1c2ccc(cc2Sc2c1cccc2)c1ccccc1c1nc2c(s1)cccc2"
"TICT","[O-][N+](=O)c1ccccc1c1ccc(c2c1nsn2)c1ccc(cc1)C(=C(c1ccccc1)c1ccccc1)c1ccccc1"
"TICT","O[N+](=O)c1ccc(cc1)c1ccc(c2c1nsn2)c1ccc(cc1)C(=C(c1ccccc1)c1ccccc1)c1ccccc1"
"TICT","COc1ccc(cc1)N(c1ccc(cc1)N/C=C/1\C=CC=CC1=O)c1ccc(cc1)N/C=C\1/C=CC=CC1=O"
"TICT","OC(=O)CCc1ccc(cc1)N(c1ccc(cc1)CCC(=O)O)c1ccc(cc1)c1ccc(s1)c1c2n[s+][n-]c2c(c2c1nsn2)c1ccc(s1)c1ccc(cc1)N(C)C"
"TICT","CCc1c(C)c2n(c1C)[B-](F)(F)[N+]1=C(C(=C(C1=C2)C)C#Cc1cc(C#CC2=C(C)C3=Cc4n([B-]([N+]3=C2C)(F)F)c(c(c4C)CC)C)cc(c1)C#Cc1c(C)c2n(c1C)[B-](F)(F)[N+]1=C(C(=C(C1=C2)C)CC)C)C"
"TICT","CCCCN1c2ccc(cc2Sc2c1cccc2)C1=C2C(=CC(=[N+]2[B-](n2c1c(C)cc2/C=C/c1ccc(cc1)OC)(F)F)/C=C/c1ccc(cc1)OC)C"
"TICT","CCN(c1ccc2c(c1)oc(=O)c(c2)/C=C/C1=[N+](Cc2cccc(c2)B(O)O)c2c(C1(C)C)cccc2)CC"
"TICT","CC[N+]1=C(/C=C/c2ccc3c(c2)ccc(c3)O)C(c2c1ccc1c2cccc1)(C)C"
"TICT","N#Cc1ccc(cc1)/N=C/c1ccc(cc1O)c1ccc(cc1)N(c1ccccc1)c1ccccc1"
"TICT","CCn1c2ccc(cc2c2c1ccc(c2)c1sc2c(n1)cccc2)/C=C/c1sc2c([n+]1C)cccc2"
"TICT","CC[N+]1=C(/C=C/c2cc3c(=O)n(C)c(=O)c4c3c(c2O)ccc4)C(c2c1ccc1c2cccc1)(C)C"
"TICT","O=Cc1ccc2c(n1)ccc(c2)C#Cc1ccc(cc1)N(C)C"
"TICT","O=Cc1cc2ccc(cc2oc1=O)C#Cc1ccc(cc1)N(C)C"
"TICT","COc1ccc(cc1)C#Cc1ccc2c(c1)c1cc(ccc1n2CC)/C=C/c1sc2c([n+]1C)cccc2"
"TICT","CC1=CC(=[N+]2C1=C(c1ccc3c(n1)c(O)ccc3)c1c(C)cc(n1[B-]2(F)F)/C=C/c1cn(c2c1cccc2)CCN1CCOCC1)C"
"TICT","N#C/C(=C\c1ccc(cc1)c1ccc2c(c1)c1ccccc1n2CC)/c1nc2c(s1)cccc2"
"TICT","O1CCN(CC1)CCC/N=C/c1ccc2c3c1ccc1c3c(cc2)ccc1"
"TICT","N#Cc1ccc(cc1)n1c(=C(C#N)C#N)s/c(=C\C=C\c2ccc(cc2)N(C)C)/c1=O"
"TICT","CC[N+]1=C(/C=C/c2c(=O)oc3c(c2O)cc2c4c3CCCN4CCC2)C(c2c1ccc1c2cccc1)(C)C"
"TICT","O=C1/C(=C\c2ccc(cc2)N(c2ccccc2)c2ccccc2)/C[C@@H]2C1=Cc1ccccc1O2"
"TICT","CC1=CC(=[N+]2C1=C(c1ccc(c(c1)O)N)c1c(C)cc(n1[B-]2(F)F)C)C"
"TICT","Cc1ccc(cc1)/C=C\c1cc(c2n1[B-](F)(F)[N+]1=C(/C=C/c3ccc(cc3)C)C=C(C1=C2c1ccc(c(c1)O)N)C)C"
"TICT","CN(c1ccc(cc1)/C=C/c1ccc2c3c1cccc3c(=O)n(c2=O)CCN1CCOCC1)C"
"TICT","N#CC(=C(c1ccc(cc1)C(=C(c1ccc(cc1)N(C)C)c1ccc(cc1)N(C)C)c1ccccc1)C)C#N"
"TICT","N#C/C(=C\c1ccc2c(c1OC)ccc(c2)N(C)C)/c1ccc(cc1)c1ccccc1"
"TICT","CCCC[N+]1=C(/C=C/c2ccc(cc2)N(CCOC(=O)C)C)C(c2c1ccc1c2cccc1)(C)C"
"TICT","CN(c1ccc2c3c1ccc1c3c(cc2)c(cc1)/C=C/c1c(F)c(F)c(c(c1F)F)F)C"
"TICT","COc1ccc(cc1)N(c1ccc(cc1)OC)c1ccc(cc1)/C=C/c1cc[n+](cc1)CCC[N+](C)(C)C"
"TICT","COc1ccc(cc1)C(=C(c1ccc(cc1)C#N)c1ccc(cc1)C#N)c1ccc(cc1)OC"
"TICT","N#CC(=C1OC(C(=C1C#N)/C=C/c1ccc(cc1)C(=C(c1ccccc1)c1ccccc1)c1ccccc1)(C)C)C#N"
"TICT","CN(c1ccc(cc1)c1nc2cc(ccc2nc1c1ccc(cc1)N(C)C)C(=O)c1ccccc1)C"
"TICT","CC[n+]1ccc(cc1)/C=C/c1ccc(cc1O)N(CC)CC"
"TICT","CN(CCCN(c1c/c(=C\c2sc3c([n+]2C)cccc3)/c2c(n1c1ccccc1)cccc2)C)C"
"TICT","Oc1ccc2c(c1/C=N/Nc1ccccn1)cccc2"
"TICT","CN(c1ccc(cc1)/C=C/C=C/c1cc[n+](c2c1cccc2)C)C"
"TICT","N#Cc1cc(C)c(cc1/C=C\c1ccc(cc1)N(C)C)C#N"
"TICT","c1ccc2c(c1)c(c1c(c2)cccc1)c1c2ccccc2cc2c1cccc2"
"TICT","C[n+]1ccccc1/C=C/c1ccc2c(c1)c1cc(/C=C/c3cccc[n+]3C)ccc1n2C"
"TICT","CCCOc1ccc(cc1)C1=C2C(=C(C(=[N+]2[B-](n2c1c(C)c(c2C)C#Cc1ccc(cc1)N1CCOCC1)(F)F)C)C#Cc1ccc(cc1)N1CCOCC1)C"
"TICT","O=C(c1ccccc1OC(=O)c1ccccc1)/C=C/c1ccc(cc1)N(C)C"
"TICT","ClCc1ccc(cc1)/C=[NH+]/Nc1ccc(c2c1non2)[N+](=O)[O-]"
"TICT","CCN(c1ccc(cc1)C(=C(c1ccccc1)c1ccc(cc1)C#CC#CC#CC#Cc1ccc(cc1)C(=C(c1ccc(cc1)N(CC)CC)c1ccc(cc1)N(CC)CC)c1ccccc1)c1ccc(cc1)N(CC)CC)CC"
"TICT","N#C[C@@H]1C(=O)OC2=C([C@@H]1N(C)C)CN1c3c2cccc3CCC1"
"TICT","COc1cc(OC)cc(c1)C1=CC(=[O+][B-](O1)(F)F)c1ccc(cc1)c1ccc(cc1)N(c1ccccc1)c1ccccc1"
"TICT","N#Cc1ccc(cc1)c1c(C)cc(cc1C)O"
"TICT","Cc1cc(C)c(c(c1)C)B(n1c(c2ccccc2)c(c(c1c1ccccc1)c1ccccc1)c1ccccc1)c1c(C)cc(cc1C)C"
"TICT","FC(c1cc(cc(c1B(n1c2ccccc2c2c1cccc2)c1c(cc(cc1C(F)(F)F)C(F)(F)F)C(F)(F)F)C(F)(F)F)C(F)(F)F)(F)F"
"TICT","Nc1ccc(cc1)[S+2](CCc1noc(c1)C)([O-])[O-]"
"TICT","Nc1ccc(cc1)[S+2](CCc1nccs1)([O-])[O-]"
"TICT","OB(c1ccc(cc1)C[n+]1cccc2c1cccc2/C=C/C=C\c1ccc(cc1)N(C)C)O"
"TICT","CC(=O)OCOCn1c(=O)c2ccc(c3c2c(c1=O)ccc3)NC(=C)NCC(=S)Nc1ccc(cc1)[N+](=O)[O-]"
"TICT","CCc1ccc(cc1)C[n+]1ccc(cc1)c1ccc(cc1)/C(=C/c1ccc(cc1OC)N(CC)CC)/C#N"
"TICT","OB(c1ccc(cc1)C[n+]1ccc(cc1)/C=C/c1ccc(cc1)N(C)C)O"
"TICT","[N-]=[N+]=Nc1ccc(cc1)C[n+]1ccc(cc1)/C=C/c1ccc(cc1)N(C)C"
"TICT","CCn1c2ccccc2c2c1ccc(c2)c1ccc(cc1)/C=C/C1=[N+](C)c2c(C1(C)C)cccc2"
"TICT","CCN(c1ccc2c(c1)oc(=O)c(c2)C(=O)N1CCN(CC1)c1ccc(cc1)/C=C/C1=[N+]2CCCc3c2c(C1(C)C)ccc3)CC"
"TICT","Cc1ccc(cc1)COc1ccc(cc1)C1=C2C=CC=[N+]2[B-](n2c1ccc2)(F)F"
"TICT","Oc1c(/C=C/C2=[N+](C)c3c(C2(C)C)cccc3)cc2c3c1cccc3c(=O)n(c2=O)CCN1CCOCC1"
"TICT","N#CC(=c1c2cc(ccc2c(=C(C#N)C#N)c2c1cccc2)c1ccc(cc1)N(c1ccccc1)c1ccccc1)C#N"
"TICT","CN(c1ccc2c(c1)ccc(c2)/C=C/c1cc[n+](cc1)Cc1ccc(cc1)B1OC(C(O1)(C)C)(C)C)C"
"TICT","CCN(c1ccc2c(c1)oc1c(c2c2nc3c(s2)cccc3)ccc(=[N+](CC)CC)c1)CC"
"TICT","N#CC(=C1C=C(/C=C/c2cc3CCCN4c3c(c2O)CCC4)CC(C1)(C)C)C#N"
"TICT","CCn1c2ccc(cc2c2c1ccc(c2)c1ccc(cc1)c1nc(c([nH]1)c1ccccc1)c1ccccc1)Br"
"TICT","N#CC(=C1C=C(/C=C/c2c(O)ccc3c2cc(O)cc3)CC(C1)(C)C)C#N"
"TICT","COC(NC(=O)[n+]1ccc(c2c1cccc2)/C=C/[C@@H]1C=CN(c2c1cccc2)C)OC"
"TICT","CCCC[N+]1=C(/C=C/c2cccc(c2OC)/C=C/C2=[N+](CCCC)c3c(C2(C)C)cccc3)C(c2c1cccc2)(C)C"
"TICT","COC(=O)CCN1CCCc2c1ccc(c2)c1ccc(s1)/C=C(/C(=O)C)\C#N"
"TICT","O=Cc1ccc(c(c1)C)c1ccc(cc1)N(C)C"
"TICT","O=Cc1ccc(cc1)c1ccc(cc1C)N(C)C"
"TICT","O=Cc1ccc(c(c1)C)c1ccc(cc1C)N(C)C"
"TICT","O=Cc1cc(C)c(c(c1)C)c1ccc(cc1)N(C)C"
"TICT","O=Cc1ccc(cc1)c1c(C)cc(cc1C)N(C)C"
"TICT","CCOc1cc2n(CC)c3c(c2cc1/C=C/C(=C(C#N)C#N)c1ccccc1)cccc3"
"TICT","N#CC(=C1C=C(/C=C/c2cc3c(cc2OC)n(c2c3cccc2)C)CC(C1)(C)C)C#N"
"TICT","CCOc1cc2c(cc1/C=C/C1=CC(=C(C#N)C#N)CC(C1)(C)C)c1c(n2CC)cccc1"
"TICT","O=C(c1ccccc1OCC[P+](c1ccccc1)(c1ccccc1)c1ccccc1)/C=C/c1ccc(cc1)N(C)C"
"TICT","C[N+]1=C(/C=C/c2ccc(cc2)c2ccc(cc2)/C=C/C2=[N+](C)c3c(C2(C)C)c2ccccc2cc3)C(c2c1ccc1c2cccc1)(C)C"
"TICT","CCN(c1ccc2c(c1)oc1c(c2c2ccc(cc2)n2ccnc2)ccc(=[N+](CC)CC)c1)CC"
"TICT","CCCn1nnc(c1)C[n+]1c(/C=C/c2ccc(cc2)N(C)C)sc2c1cccc2"
"TICT","N#C/C(=C\c1ccc(cc1)c1ccc(cc1)C(c1ccc(cc1)c1ccc(cc1)/C=C(/c1cc[n+](cc1)C)\C#N)c1ccc(cc1)c1ccc(cc1)/C=C(/c1cc[n+](cc1)C)\C#N)/c1cc[n+](cc1)C"
"TICT","OB(c1ccc(cc1)C[n+]1ccc(cc1)[C@@H]1[C@@H]2C(=CC(=[N+]2[B-](n2c1c(C)cc2/C=C/c1ccc(cc1)N1CC[S+2](CC1)([O-])[O-])(F)F)/C(=C(/c1ccc(cc1)N1CC[S+2](CC1)([O-])[O-])\C)/C)C)O"
"TICT","N#CC(=Cc1ccc(cc1)c1ccc(cc1)N(c1ccc(cc1)c1ccc(cc1)C=C(C#N)C#N)c1ccc(cc1)c1ccc(cc1)C=C(C#N)C#N)C#N"
"TICT","C[N+]1=C(/C=C/c2ccc(s2)c2ccc(cc2)N(c2ccccc2)c2ccccc2)Cc2c1cccc2"
"TICT","c1ccc(cc1)N(c1ccccc1)c1ccc(cc1)c1c2n[s+][n-]c2c(c2c1nsn2)c1ccc(cc1)N(c1ccccc1)c1ccccc1"
"TICT","CCCCCn1c2ccc(cc2c2c1ccc(c2)/C(=C/C=C(/C(=O)O)\C#N)/Cl)/C(=C/C=C(/C(=O)O)\C#N)/Cl"
"TICT","CCCCCn1c2ccc(cc2c2c1ccc(c2)/C(=C/C=C(C(=O)O)C(=O)O)/Cl)/C(=C/C=C(C(=O)O)C(=O)O)/Cl"
"TICT","CCCCCn1c2ccc(cc2c2c1ccc(c2)/C(=C/C=C(/c1nc2c(s1)cccc2)\C#N)/Cl)/C(=C/C=C(/c1nc2c(s1)cccc2)\C#N)/Cl"
"TICT","N#CC(c1cc(C)c(c(c1)C)c1c(C)c[n+](cc1C)C)C#N"
"TICT","COc1ccc(cc1)c1nc2c(ccc(c2nc1c1ccc(cc1)OC)c1ccncc1)C(=C(c1ccccc1)c1ccccc1)c1ccccc1"
"TICT","CCCCCCCc1cc(sc1c1ccc(cc1)N(c1ccccc1)c1ccccc1)c1c2[n-][s+]nc2c(c2c1nsn2)c1sc(c(c1)CCCCCCC)c1ccc(cc1)N(c1ccccc1)c1ccccc1"
"TICT","Cc1nn(c2c1c(c1ccccc1)c1c(n2)n(nc1C)c1ccccn1)c1ccccn1"
"TICT","O=Cc1ccc(cc1)N(c1ccc(cc1)C#Cc1ccncc1)c1ccc(cc1)C#Cc1ccncc1"
"TICT","N#Cc1ccc(cc1)c1cc2c(n1c1ccc(cc1)c1ccncc1)cc(n2c1ccc(cc1)c1ccncc1)c1ccc(cc1)C#N"
"TICT","O=C(c1ccccc1)c1ccc(c(c1)C)N1c2ccccc2Sc2c1cccc2"
"TICT","N#C/C(=C\c1cc(c2ccc(cc2)N(c2ccccc2)c2ccccc2)c(cc1c1ccc(cc1)N(c1ccccc1)c1ccccc1)/C=C(/c1cc(cc(c1)C(F)(F)F)C(F)(F)F)\C#N)/c1cc(C)cc(c1)C"
"TICT","S=C1NC(=O)/C(=C/c2ccc3c(n2)ccc(c3)N(C)C)/S1"
"TICT","C[n+]1ccccc1/C=C/C=C/c1ccc(cc1)N(C)C"
"TICT","[O-][N+](=O)c1ccc(cc1)c1nc2c(s1)cc(cc2)C(=C(c1ccccc1)c1ccccc1)c1ccccc1"
"TICT","O=C1C=C2c3ccc(cc3C(C2=C/C/1=c/1\sc2c([nH]1)cccc2)(C)C)N(c1ccccc1)c1ccccc1"
"TICT","O=C(c1ccc(cc1)P(c1ccccc1)c1ccccc1)c1ccc(cc1)N(c1ccccc1)c1ccccc1"
"TICT","CC1=C(c2ccc(cc2)N(c2ccccc2)c2ccccc2)C(=[N+]2[C@@H]1[C@@H](c1ccccc1)c1c(C)c(c(n1[B-]2(F)F)C)c1ccc(cc1)N(c1ccccc1)c1ccccc1)C"
"TICT","CCCCC1(CCCC)c2cc(ccc2c2c1cc(cc2)n1c2ccccc2c2c1cccc2)c1ccc(c(c1)C=O)O"
"TICT","CCCCn1c(=O)c2ccc(c3c2c(c1=O)ccc3)c1ccc2c(c1)C(CC)(CC)c1c2ccc(c1)c1ccc(c(c1)C=O)O"
"TICT","[O-][S+2](CCC[NH+]1[C-](/C=C/c2ccc(cc2)N(c2ccccc2)c2ccccc2)Sc2c1c1ccccc1cc2)([O-])[O-]"
"TICT","F[B-]1(F)OC(=Cc2[n+]1c1ccccc1s2)c1ccc(cc1)C(=C(c1ccccc1)c1ccccc1)c1ccccc1"
"TICT","O=Cc1c2ccccc2c(c2c1cccc2)N(c1ccc(cc1)C(C)(C)C)c1ccc(cc1)C(C)(C)C"
"TICT","N#CC(=Cc1c2ccccc2c(c2c1cccc2)N(c1ccc(cc1)C(C)(C)C)c1ccc(cc1)C(C)(C)C)C#N"
"TICT","Oc1ccc2c(c1/C=N/c1cccc3c1nccc3)cccc2"
"PICT","CCN(c1ccc(c(c1)OC)/C=C(/c1ccncc1)\C#N)CC"
"PICT","CN1CCN(CC1)c1ccc(cc1)c1oc2ccccc2c(=O)c1O"
"PICT","CC1=CC(=[N+]2C1=C(c1ccc(cc1)/N=C/c1ccccc1O)c1c(C)cc(n1[B-]2(F)F)C)C"
"PICT","CC1=CC(=[N+]2C1=C(c1ccc(cc1)/N=C/c1c(O)ccc3c1cccc3)c1c(C)cc(n1[B-]2(F)F)C)C"
"PICT","CC1=[N+]2[C@@H](C(=O)N1C)Cc1c([B-]2(F)F)cc2c(c1)CCCN2C"
"PICT","CC1=[N+]2[C@@H](C(=O)N1C)Cc1c([B-]2(F)F)c2OCCN(c2cc1)C"
"PICT","Nc1ccc(c(c1)c1nc(=O)c2c([nH]1)cccc2)O"
"PICT","N#Cc1ccc(c(c1)c1nc(=O)c2c([nH]1)cccc2)O"
"PICT","CN(c1ccc(cc1)/C=C/1\Sc2c(C1=O)cccc2)C"
"PICT","N#C/C(=C\c1ccc(s1)c1ccc(cc1)N(c1ccccc1)c1ccccc1)/C(=O)O"
"PICT","Cc1ccc(s1)c1cc[n+](cc1)C1=C([O-])C(=O)OC1=O"
"PICT","c1cnc(nc1)N1c2ccccc2Sc2c1cccc2"
"PICT","c1ccc(nc1)N1c2ccccc2Sc2c1cccc2"
"PICT","CC(c1ccc(cc1)c1ccc(cc1)N(c1ccc(cc1)c1ccc(cc1)C(C)(C)C)c1ccccc1)(C)C"
"PICT","CC(c1n[nH]c(c1)c1ncc2c(c1)cccc2)(F)C"
"PICT","FC(c1ccc(cc1)/C=C/c1sc2c(n1)c1ccccc1cc2)(F)F"
"PICT","CC(c1ccc(cc1)/C=C/c1sc2c(n1)c1cccc(c1cc2)N(C)C)C"
"PICT","O=Cc1ccc(cc1)c1ccc(cc1)[n+]1ccc(cc1)c1cc[n+](cc1)C"
"PICT","C[n+]1ccc(cc1)c1cc[n+](cc1)c1ccc(cc1)c1ccc(cc1)C(=O)C"
"PICT","OCc1ccc(cc1)c1ccc(cc1)[n+]1ccc(cc1)c1cc[n+](cc1)C"
"PICT","Cc1cc(C)c(c(c1)C)/C=C/1\Sc2c(C1=O)cccc2"
"PICT","COc1cc(C)c(c(c1)C)/C=C/1\Sc2c(C1=O)cccc2"
"PICT","O=C1/C(=C/c2cc3CCCN4c3c(c2)CCC4)/Sc2c1cccc2"
"PICT","O=C1c2cc(ccc2C(=O)N1C1CCCCC1)N1CCCCC1"
"PICT","O=C1N(C2CCCCC2)C(=O)c2c1cc(cc2)N1CCCC1"
"PICT","O=C1/C(=C/c2ccccc2)/CCc2c1ccc(c2)N(C)C"
"PICT","CCN([C@H]1C=Cc2c(C1)oc(=O)c(c2)/C=C/c1ccccc1)CC"
"PICT","CN(c1ccc(cc1)/C=C/1\Cc2c(C1=O)cccc2)C"
"PICT","O=C1/C(=C/c2cc3CCCN4c3c(c2)CCC4)/Cc2c1cccc2"
"PICT","Cc1cc(C)c(c(c1)C)/C=C/1\Cc2c(C1=O)cccc2"
"PICT","O=C1/C(=C/c2c(C)c(C)c(c(c2C)C)C)/Cc2c1cccc2"
"PICT","COc1cc(C)c(c(c1)C)/C=C/1\Cc2c(C1=O)cccc2"
"PICT","COc1cc(OC)c(c(c1)OC)/C=C/1\Cc2c(C1=O)cccc2"
"PICT","CN(c1ccc(cc1)F)C"
"PICT","c1ccc(cc1)/C=C/c1ccc(cc1)Nc1ccccc1"
"PICT","CN1c2ccc(cc2Sc2c1cccc2)c1nc2c(o1)cccc2"
"PICT","Oc1ccc(cc1)N1c2ccc(cc2Sc2c1cccc2)c1nc2c(o1)cccc2"
"PICT","Nc1ccc(cc1)c1[nH+]c2c(n1C)cccc2"
"PICT","Cn1c([nH+]c2c1cccc2)c1ccccc1"
"PICT","Nc1ccc(c(c1)O)c1nc2c([nH]1)cc[n+](c2)C"
"PICT","OC(=O)c1cc2cc3CCCN4c3c(c2oc1=O)CCC4"
"PICT","N#Cc1cc(C#N)cc(c1)N(C)C"
"PICT","N#Cc1ccc(cc1)/C=C/c1ccc(cc1)N(C)C"
"PICT","CNc1ccc(cc1)c1ccc(cc1)C#N"
"PICT","COC(=O)c1ccc(cc1)c1ccc2c3c1ccc1c3c(cc2)ccc1"
"PICT","CCC1(CC)c2cc(ccc2c2c1cc(cc2)N(c1ccccc1)c1ccccc1)N(c1ccccc1)c1ccccc1"
"PICT","CCC1(CC)c2cc(ccc2c2c1cc(cc2)c1sc2c(n1)cccc2)N(c1ccccc1)c1ccccc1"
"PICT","CCC1(CC)c2cc(ccc2c2c1cc(cc2)c1nc2c(s1)cccc2)c1nc2c(s1)cccc2"
"PICT","CN(c1ccc(cc1)/C=C/c1nc2c([nH]1)nccc2)C"
"PICT","CCCCn1c(=O)c2ccc(c3c2c(c1=O)ccc3)NCc1ccccc1[Se+](c1ccccc1)[O-]"
"PICT","O=C(Nc1ccccc1)N/N=C/c1cc2ccc(cc2oc1=O)N(C)C"
"PICT","CN(c1ccc(cc1)/C(=C/C(=O)c1ccccc1)/O)C"
"PICT","CN(C1=CC[C@H](C=C1)[C@@H](c1ccc(cc1)N(C)C)c1ccccc1)C"
"PICT","Cc1ccc2c(c1)oc(=O)cc2C(F)(F)F"
"PICT","COc1ccc(cc1)N1CCc2c1ccc(c2)/C=C/c1ccc(cc1)C#N"
"PICT","CN(c1ccc2c(c1)ccc1c2CCCCC1=O)C"
"PICT","CN(c1ccc2c(c1)ccc1c2CCCC1=O)C"
"PICT","CN(c1ccc(cc1)C1=CC=C(CC1)C(=O)O)C"
"PICT","OC(=O)C1=CC=C(CC1)c1ccc2c(c1)CCN2c1ccccc1"
"PICT","N#Cc1cc(c2ccncc2)c(nc1O)C"
"PICT","CC[n+]1c(c2ccccc2)c2ccccc2c2c1cccc2"
"PICT","CC[n+]1c(C)c2ccccc2c2c1cccc2"
"PICT","Nc1cccc2c1C(=O)c1c2cccc1"
"PICT","CCCCn1c2ccccc2c2c1ccc(c2)C(=O)N"
"PICT","N#CC(=C1C=C(/C=C/c2ccc(cc2)n2c3ccccc3c3c2cccc3)CC(C1)(C)C)C#N"
"PICT","c1ccc2c(c1)c(/C=C/c1nc3c(s1)cccc3)c1c(c2)cccc1"
"PICT","C[C@@H](c1ccc(s1)c1ccc(cc1)N(C)C)CC1=[N+](C)c2c(C1(C)C)c1ccccc1cc2"
"PICT","CCCn1c(=O)c2ccc(c3c2c(c1=O)ccc3)C#Cc1ccc2c(c1)[S@+]([O-])c1c(N2C)cccc1"
"PICT","CCCCn1c(=O)c2ccc(c3c2c(c1=O)ccc3)C#Cc1ccc2c(c1)[S+2]([O-])([O-])c1c(N2C)cccc1"
"PICT","Cn1c(=O)c2ccc(c3c2c(c1=O)ccc3)C#Cc1ccc2c(c1)[S+2]([O-])([O-])c1c(N2C)ccc(c1)C#Cc1ccc2c3c1cccc3c(=O)n(c2=O)C"
"PICT","CCN(c1ccc2c(c1)oc(=O)c(c2)O)CC"
"PICT","CC[N+]1=C(/C(=C/c2ccc(cc2)[N+](=O)[O-])/C)C(c2c1ccc1c2cccc1)(C)C"
"PICT","c1ccc(cc1)c1ccc2c(c1)c1cc(ccc1c1c2nc2c(n1)c1nsnc1c1c2nsn1)c1ccccc1"
"PICT","O=c1ccc2c(o1)c1CCCN3c1c(c2)CCC3"
"PICT","c1ccc(cc1)N(c1ccccc1)c1ccc(cc1)c1ccc(cc1)c1ccncc1"
"PICT","[O-][S@@+]1c2cc(CCc3nc4c(s3)nc3c(n4)cccc3)ccc2Nc2c1cccc2"
"PICT","O=c1c2ccccc2c2c3n1c1ccccc1c3ccc2"
"PICT","OC1=CCC(=CC1)c1nc([nH]c1c1ccccc1)c1ccc(cc1)C(=O)O"
"PICT","OC(=O)c1ccc(cc1)c1nc(c([nH]1)c1ccccc1)c1ccccc1"
"PICT","F[C@@H]1CC=C(C=C1)c1nc([nH]c1c1ccc(cc1)F)c1ccc(cc1)C(=O)O"
"PICT","CCCN1c2ccc(cc2Sc2c1cccc2)c1ccc(cc1)c1nc2c(s1)cccc2"
"PICT","CCn1c2ccc(cc2c2c1ccc(c2)c1sc2c(n1)cccc2)[C@H]([S+2](O)([O-])[O-])Cc1sc2c([n+]1C)cccc2"
"PICT","COc1ccc(cc1)C#Cc1ccc2c(c1)ccc(n2)C=O"
"PICT","COc1ccc(cc1)C#Cc1ccc2c(c1)c1cc(ccc1n2CC)[C@H]([S+2](O)([O-])[O-])Cc1sc2c([n+]1C)cccc2"
"PICT","CC1=CC(=[N+]2C1=C(c1ccc3c(c1)oc(=O)[nH]3)c1c(C)cc(n1[B-]2(F)F)C)C"
"PICT","O=Cc1ccc2c(c1)C(C)(C)c1c2ccc(c1)N(C)C"
"PICT","O=Cc1ccc2c(c1)CCc1c2ccc(c1)N(C)C"
"PICT","O=Cc1ccc(cc1)c1ccc(cc1)N(C)C"
"PICT","O=c1oc2cc(C#Cc3ccc(cc3)N(C)C)ccc2cc1[C@@H]([S+2]([O-])([O-])[O-])O"
"PICT","CC(=O)C1=CC2=CCc3c4[C@H]2C(=C1)C=Cc4cc(c3)N1CCCCC1"
"PICT","CN(c1ccc(cc1)/C=C\C=C\c1cccc2c1cccn2)C"
"PICT","CN(c1ccc(cc1)/C=C/c1ccncc1)C"
"PICT","CC(=O)OCOCn1c(=O)c2cccc3c2c(c1=O)ccc3N"
"PICT","CN(c1ccc2c(c1)ccc(c2)/C=C/c1ccncc1)C"
"PICT","COc1cc(/C=C/C2=C/C(=C(\C#N)/[N+]#[C-])/CC(C2)(C)C)cc(c1O)OC"
"PICT","O=Cc1ccc(s1)c1ccc(cc1)N(c1ccccc1)c1ccccc1"
"PICT","O=C(c1ccccc1O)/C=C/c1ccc(s1)c1ccc(cc1)N(c1ccccc1)c1ccccc1"
"PICT","N#CC(=C1C=C(/C=C/c2ccc(cc2)[O-])CC(C1)(C)C)C#N"
"PICT","N#CC(=C1C=C(/C=C/c2ccc(c(c2)C=O)O)CC(C1)(C)C)C#N"
"PICT","COc1ccc(cc1)n1c(=O)c2cccc3c2c(c1=O)ccc3N"
"PICT","CCN(c1ccc2c(c1)oc(=O)c(c2)/C=C/c1sc2c([n+]1C)cccc2)CC"
"PICT","CN(c1ccc(cc1)c1ccc(c2c1n[se]n2)c1ccc(cc1)[N+](=O)[O-])C"
"PICT","CCN(c1ccc2c(c1)[o+]c1c(c2)CCC/C/1=C\c1ccc(cc1)O)CC"
"PICT","CN(c1ccc(cc1)c1ccc(c2c1n[se]n2)c1ccccc1)C"
"PICT","CCN(c1ccc2c(c1)[o+]c1c(c2)CCCC1)CC"
"PICT","Oc1ccc2c(c1)oc(=O)c(c2)c1nc2c(s1)cccc2"
"PICT","Oc1ccc(c(c1)O)/C=C/C1=Nc2c(C1(C)C)c1ccccc1cc2"
"PICT","O=Cc1cc(C)cc(c1O)c1nc2c(s1)cccc2"
"PICT","CCOc1ccc(cc1)/C=C/c1sc2c(n1)ccc(c2)N(C)C"
"PICT","O=Cc1ccc(cc1)c1ccc2c(c1)ccc(c2)N(C)C"
"PICT","O=Cc1ccc(cc1)c1ccc2c(c1)ccc(c2)NCCN1CCOCC1"
"PICT","OC(=O)c1ccc(cc1)c1oc2ccccc2c(=O)c1O"
"PICT","O=C1C=C(/C=C/c2ccc(cc2)[O-])CC(C1)(C)C"
"PICT","c1ccc(cc1)c1[nH]c(nc1c1ccccc1)c1ccc(cc1)c1nc2c(s1)cccc2"
"PICT","Oc1ccc2c(c1)ccc(c2)c1nc2c(s1)cccc2"
"PICT","OCCn1c(=O)c2ccc(c3c2c(c1=O)ccc3)N1CCN(CC1)C"
"PICT","Oc1ccc2c(c1)n1c(c2)C=C2[N+](=C(C)C=C2C)[B-]1(F)F"
"PICT","CCN1CCN(c2c1cc(C=C(C#N)C#N)c(c2)O)CC"
"PICT","CCN(c1ccc2c(c1)[o+]c(cc2c1ccccc1C(=O)O)c1ccc(cc1)N)CC"
"PICT","N#CC(=C1C=C(/C=C/c2ccc(cc2)N)Oc2c1cccc2)C#N"
"PICT","Nc1ccc2c(c1)oc(=O)cc2C"
"PICT","CCCCN1C(=O)c2c(C1=O)c(O)ccc2"
"PICT","N#CC(=C1C[C@H](/C=C/c2ccc(cc2)O)Oc2c1cccc2)C#N"
"PICT","COc1cc(OC)c(cc1c1nc2c(o1)c(CN)ccc2)OC"
"PICT","Oc1ccc2c(c1)ccc(c2)c1nc2c([nH]1)cccc2"
"PICT","Oc1ccc2c(c1)cc1c([n+]2C)c2cc3CCCN4c3c(c2OC1)CCC4"
"PICT","CCN(c1ccc2c(c1)Oc1c([C@@]32OC(=O)c2c3cccc2)ccc2c1C=C[C@@H](C2)O)CC"
"PICT","CCN(c1ccc2c(c1)[o+]c1c(c2)CCc2c1ccc(c2)N)CC"
"PICT","CCN(c1ccc2c(c1)ccc(n2)c1oc2ccccc2c(=O)c1O)CC"
"PICT","O=c1oc2ccccc2cc1c1cccs1"
"PICT","CCN(c1ccc2c(c1)oc(=O)c(c2)c1cccs1)CC"
"PICT","CN(c1ccc2c(c1)[S+2]([O-])([O-])c1c(C2=O)ccc(c1)N(C)C)C"
"PICT","COC(=O)/C(=C/c1ccc2c3c1ccc1c3c(cc2)ccc1)/C#N"
"PICT","N#C/C(=C\c1ccc2c3c1ccc1c3c(cc2)ccc1)/C(=O)O"
"PICT","O=c1oc2ccccc2cc1C(=O)c1cc2ccccc2oc1=O"
"PICT","CCN(c1ccc2c(c1)oc(=O)c(c2)C(=O)c1cc2ccc(cc2oc1=O)N(CC)CC)CC"
"PICT","Oc1ccc2c(c1)oc(=O)c(c2)C(=O)c1cc2ccc(cc2oc1=O)O"
"PICT","O=c1oc2ccc3c(c2cc1C(=O)c1cc2c(oc1=O)ccc1c2cccc1)cccc3"
"PICT","CC[N+]1=C(/C=C/c2ccc(cc2)N2CCN(CC2)C)C(c2c1ccc1c2cccc1)(C)C"
"PICT","O=Cc1cc2ccccc2nc1N1CCOCC1"
"PICT","Cc1cc(/C=C/c2ccncn2)c(c(c1)c1nc2c(s1)cccc2)O"
"PICT","N#CC(=C1OC(C(=C1C#N)/C=C/c1ccc(c(c1)C(=O)O)N)(C)C)C#N"
"PICT","N#CC(=CC1=C2Oc3cc(ccc3C(=C2CCC1)c1ccccc1C(=O)O)N(CC)CC)C#N"
"PICT","N/N=C\C1=C2Oc3cc(ccc3C(=C2CCC1)c1ccccc1C(=O)O)N(CC)CC"
"PICT","[O-][N+](=O)c1ccc(c2c1non2)[NH+]1CCN(CC1)c1nc2c(s1)cccc2"
"PICT","N#Cc1ccc(cc1)c1ccc(c(c1)/C=C/C1=[N+](C)c2c(C1(C)C)cccc2)OC"
"PICT","Oc1ccc2c(c1)ccc(c2)/C=C/c1sc2c([n+]1C)c1ccccc1cc2"
"PICT","Oc1ccc2c(c1)oc(=O)c1c2c2ccccc2oc1=O"
"PICT","CCN(c1ccc(c(c1)O)/C=C/C1=CC(=C(C#N)C#N)CC(C1)(C)C)CC"
"PICT","CCN(c1ccc2c(c1)OC(=C(C#N)C#N)C=C2/C=C/C1=CN(C)c2c(C1)cccc2)CC"
"PICT","C[n+]1ccccc1CCn1c(=O)c2cccc3c2c(c1=O)ccc3O"
"PICT","COc1ccc2c(c1)ccc(c2)/C=C/C1=[N+](Cc2cc(ccc2O)[N+](=O)[O-])c2c(C1(C)C)cccc2"
"PICT","CCCCn1c(=O)c2cc(/C=C/C3=C(C#N)C(=C(C#N)C#N)OC3(C)C)c(c3c2c(c1=O)ccc3)O"
"PICT","Cc1ccc(cc1)[S+2](NCCn1c(=O)c2cccc3c2c(c1=O)cc(c3)N)([O-])[O-]"
"PICT","CCCCn1c(=O)c2cccc3c2c(c1=O)ccc3N"
"PICT","CCN(c1ccc2c(c1)OC(=O)[C@H](C2)C(=O)/C=C/c1ccc(cc1)O)CC"
"PICT","N#C/C(=C(/C#N)\[NH-])/N=C/c1cc(ccc1[O-])c1nc2c(s1)cccc2"
"PICT","CCN(C1=C[C@H]2[C@H](C=C1)C(=CC(=[O+]2)c1ccc(cc1)NCCN1CCOCC1)c1ccccc1C(=O)O)CC"
"PICT","O=Cc1ccc(cc1O)c1nc(c([nH]1)c1ccccc1)c1ccccc1"
"PICT","CC(=O)c1cc2ccc(cc2oc1=O)c1nc(c([nH]1)c1ccccc1)c1ccccc1"
"PICT","CCN(c1ccc2c(c1)oc(=O)c(c2)C1=[O+][B-](OC(=C1)/C=C/c1cc(OC)ccc1OC)(F)F)CC"
"PICT","N#CC(=Cc1ccc(cc1)c1ccc(cc1)c1nc2CCc3c(c2c2c1c1ccccc1CC2)cccc3)C#N"
"PICT","O=Cc1ccc(cc1)c1ccc(cc1)c1nc2CCc3c(c2c2c1c1ccccc1CC2)cccc3"
"PICT","O=Cc1ccc(s1)c1ccc2c(c1)c1ccccc1n2c1ccccc1"
"PICT","O=c1c2ccc(c3c2c(c(=O)n1c1ncccn1)ccc3)N1CCCCC1"
"PICT","CCOc1ccc(c2c1cccc2)C=C(C#N)C#N"
"PICT","Cc1cc2n(n1)c(ccn2)c1ccc(cc1)N(c1ccccc1)c1ccccc1"
"PICT","c1ccc(cc1)c1cc2n(n1)c(ccn2)c1ccc(cc1)N(c1ccccc1)c1ccccc1"
"PICT","COc1ccc(cc1)c1nn2c(c1)nccc2c1ccc(cc1)N(c1ccccc1)c1ccccc1"
"PICT","COC(=O)c1ccccc1c1c2ccc(=[NH2+])cc2oc2c1ccc(c2)N"
"PICT","CC[N+](=c1ccc2c(c1)oc1c(c2c2ccccc2C(=O)O)ccc2c1ccc(c2)O)CC"
"PICT","CC[n+]1c(/C=C/C2=C3Oc4cc(O)ccc4C=C3CCC2)sc2c1cccc2"
"PICT","CCCCCCCCCCCN1c2ccccc2Sc2c1ccc(c2)/C=C(/c1ccccc1)\C#N"
"PICT","CCCCCCCCCCCN1c2ccc(cc2Sc2c1cccc2)/C=C(/c1ccc(cc1)c1ccc(cc1)C#N)\C#N"
"PICT","COc1cc(/C=C/c2ccc(cc2)N(c2ccc(cc2)/C=C(/C(=O)O)\C#N)c2ccc(cc2)/C=C/c2cc(OC)cc(c2)OC)cc(c1)OC"
"PICT","CCCCCCOc1cc(/C=C/c2ccc(cc2)N(c2ccc(cc2)/C=C(/C(=O)O)\C#N)c2ccc(cc2)/C=C/c2cc(OCCCCCC)cc(c2)OCCCCCC)cc(c1)OCCCCCC"
"PICT","Cc1ccc(c(c1)O)/C=C/c1cc[n+](c2c1cccc2)C"
"PICT","N#CC(=C1C=C(/C=C/C2=C3Oc4cc(O)ccc4C=C3CCC2)Oc2c1cccc2)C#N"
"PICT","N#CC(=C1C=C(/C=C/c2c(=O)oc3c(c2N2CCOCC2)ccc(c3)O)CC(C1)(C)C)C#N"
"PICT","O=Cc1c(=O)oc2c(c1Cl)ccc(c2)O"
"PICT","N#CC(=C1C=C(/C=C/c2ccc(cc2)OC)CC(C1)(C)C)C#N"
"PICT","COc1ccc(cc1)/C=C/C1=CC(=O)CC(C1)(C)C"
"PICT","COCCNc1c2ccccc2c2c3c1cccc3c(=O)n(c2=O)CCOC"
"PICT","CCN(c1ccc2c(c1)oc(=O)c(c2)c1ccc(cc1)/C=C(/c1nc2c(s1)cccc2)\C#N)CC"
"PICT","N#CC(=C([C@H]1Cc2c(O1)c1c3ccccc3n(c1cc2)c1ccccc1)c1ccccc1)C#N"
"PICT","N#C/C(=C\1/C=C(/C=C/c2ccc(cc2)O)CC(C1)(C)C)/C(=O)OCc1cc[n+](cc1)CC"
"PICT","CCOC(=O)CCCN1c2cc3oc4cc(=O)c5c(c4nc3cc2C(=CC1(C)C)C)cc(cc5)NC"
"PICT","CCCCn1c(=O)c2cccc3c2c(c1=O)ccc3O"
"PICT","CCCCn1c(=O)c2cccc3c2c(c1=O)ccc3[O-]"
"PICT","CCCCn1c(=O)c2cc3c(c4c2c(c1=O)ccc4)N=C(C3(C)C)/C=C/c1ccc(cc1)[N+](CC)(CC)[O-]"
"PICT","CCN(c1ccc2c(c1)oc(=O)c(c2)/C=C/c1ccnc2c1cccc2)CC"
"PICT","CCN(c1ccc2c(c1)oc(=O)c1c2c2ccc(cc2oc1=O)O)CC"
"PICT","COc1ccc(cc1)N(c1ccc(cc1)OC)c1ccc(cc1)c1cc(cc(c1)c1nc2c(n1c1ccccc1)cccc2)c1nc2c(n1c1ccccc1)cccc2"
"PICT","O=Cc1ccc(cc1)c1ccc2c(c1)c1ccccc1[nH]2"
"PICT","Oc1ccc2c(c1)oc(=O)c(c2)c1onc(c1)C"
"PICT","CC(=O)CC(=O)c1cc2ccc(cc2oc1=O)O"
"PICT","N#CC(=Cc1ccc(c(c1)c1nc(c2n1cccc2)c1ccccc1)O)C#N"
"PICT","CSc1ccc(c(c1)c1nc2c(s1)cccc2)O"
"PICT","COc1ccc2c(c1)cc(c(n2)Cl)C=O"
"PICT","Oc1cccc(c1)n1c(=O)c2ccc(c3c2c(c1=O)ccc3)N1CCCCC1"
"PICT","CC[N+](=c1ccc2c(c1)oc1c(c2c2ccccc2C(=O)O)ccc(c1)NC1=CN(C)c2c(C1)cccc2)CC"
"PICT","CCN(c1ccc2c(c1)oc(=N)c(c2)c1nc2c(s1)cccc2)CC"
"PICT","N#CC(=C1C=C(/C=C/c2ccc3c(n2)c(O)ccc3)Oc2c1cccc2)C#N"
"PICT","COC(=O)CCN1C[C@H]2CCCN2c2c1cc1cc(C(=O)O)c(=O)oc1c2"
"PICT","Nc1ccc2c(c1)nc1c(n2)N(C)c2c(C1(C)C)cc(cc2)C(F)(F)F"
"PICT","N#C/C(=C\c1ccc(cc1)N(C)C)/c1ccc(cc1)O"
"PICT","O=C([C@H]1Cc2c(O1)c1c3ccccc3n(c1cc2)c1ccccc1)c1ccccc1"
"PICT","N#CC(=C1C=C(/C=C/C2=C3Oc4cc(O)ccc4C=C3CCC2)CC(C1)(C)C)C#N"
"PICT","Oc1ccc2c3c1cccc3c(=O)n(c2=O)CCN1CCOCC1"
"PICT","CN(c1ccc(cc1)/C=C/C=C/c1ccnc2c1cccc2)C"
"PICT","N#Cc1cc2c(c3c1cccc3)N=C(C2(C)C)/C=C/c1ccc2c(c1)ccc(c2)O"
"PICT","N#CC1=C[C@H]2[C@H](c3c1cccc3)N=C(C2(C)C)/C=C/c1ccc(cc1)O"
"PICT","N#Cc1cc2c(c3c1CCC=C3)N=C(C2(C)C)/C=C/c1ccc(cc1O)O"
"PICT","COc1cc(/C=C/C(=O)CC(=O)/C=C/c2ccc(c(c2)OC)O)ccc1O"
"PICT","COc1cc(/C=C/C2=[O+][B-](OC(=C2)/C=C/c2ccc(c(c2)OC)O)(F)F)ccc1OC"
"PICT","COc1cc(/C=C/C2=CC(=[O+][B-](O2)(F)F)/C=C/c2ccc(c(c2)OC)[O-])ccc1[O-]"
"PICT","O=C/C=C/c1cccc(c1O)c1nc2c(s1)cccc2"
"PICT","O=C(c1cc2ccc(cc2oc1=O)N(C)C)N1CCNCC1"
"PICT","OC(=O)CCn1c(=O)c2cccc3c2c(c1=O)ccc3O"
"PICT","CCC(=O)c1ccc2c(c1)ccc(c2)N(C)C"
"PICT","O=Cc1ccc(s1)c1ccc(cc1)N(C)C"
"PICT","c1ccc(cc1)Sc1ccc(c2c1nsn2)Sc1ccccc1"
"PICT","C1N=c2c(=N1)c(ccc2Sc1ccc2c(c1)cccc2)Sc1ccc2c(c1)cccc2"
"PICT","Clc1ccccc1Sc1ccc(c2=NCN=c12)Sc1ccccc1Cl"
"PICT","OCCSCC(=O)c1ccc2c(c1)ccc(c2)N(C)C"
"PICT","CCCN1c2ccc(cc2Sc2c1ccc(c2)C#Cc1cccc2c1cccc2)C#Cc1cccc2c1cccc2"
"PICT","CCCN1c2ccc(cc2Sc2c1ccc(c2)C#Cc1ccc2c(c1)ccc(c2)OC)C#Cc1ccc2c(c1)ccc(c2)OC"
"PICT","Oc1ccc(cc1/C=C/c1sc2c([n+]1C)cccc2)c1sc2c(n1)cccc2"
"PICT","CC[n+]1c(/C=C/c2ccc(c(c2)/C=C/c2sc3c([n+]2CC)cccc3)O)sc2c1cccc2"
"PICT","CCOc1ccc(c2c1cccc2)C=C1C(=O)c2c(C1=O)cccc2"
"PICT","OC(=O)c1cc(/C=C/C2=CC=C(CC2)/C=C/c2ccc(c(c2)C(=O)O)O)ccc1O"
"PICT","N#C/C(=C/C=C/C=C/c1ccc(cc1)N(C)C)/C(=O)OC"
"PICT","CCN(c1ccc2c(c1)ccc(c2)C(=C(C#N)C#N)C)C"
"PICT","CCCC[N+]1=C(CCC2=C3Oc4cc(O)ccc4C=C3CCC2)C([C@@H]2[C@H]1C=CC=C2)(C)C"
"PICT","CCN1C(=N/C(=C\c2ccc(cc2)c2ccc(cc2)N(c2ccccc2)c2ccccc2)/C1=O)C"
"PICT","CNc1ccc2c(c1)oc(c2)/C=C/c1nc2c([nH]1)cccc2"
"PICT","CN(c1ccc2c(n1)ccc(c2)/C=C/c1nc2c([nH]1)cccc2)C"
"PICT","CN(c1ccc2c(c1)ccc(c2)/C=C/c1nc2c([nH]1)cccc2)C"
"PICT","CCN1c2ccc(cc2Sc2c1cccc2)C=O"
"PICT","O=Cc1ccc(cc1)N(c1ccccc1)c1ccccc1"
"PICT","O=C1OC(=O)c2c3c1cccc3c(cc2)N"
"PICT","Cc1ccc(s1)c1ccc(c2c1nsn2)c1ccc(s1)c1ccc2c(c1)C(C)(C)c1c2ccc(c1)C"
"PICT","CCCCNC(=O)c1cc2ccc(cc2oc1=O)O"
"PICT","ClC(=O)[n+]1c(sc2c1cccc2)c1ccc2c3c1ccc1c3c(cc2)ccc1"
"PICT","Oc1ccc2c(c1)SC1=C(CCCC1=C2)/C=C/C1=[N+](C)c2c([C@H]1C)cccc2"
"PICT","COc1ccc(cc1)N(c1ccc(cc1)OC)c1ccc(cc1)c1nc2c(s1)nc(s2)c1ccc(cc1)N(c1ccc(cc1)OC)c1ccc(cc1)OC"
"PICT","N#CC1=C(C#N)c2cccc3c2c(C1=O)ccc3"
"PICT","Cn1c(/C=N/c2c(C)n(n(c2=O)c2ccccc2)C)cc2c1cccc2"
"PICT","O=Cc1ccc(cc1)c1nc2c([nH]1)c1cccc3[C@H]1[C@H]1c2cccc1cc3"
"PICT","O=Cc1ccc(cc1)[C@@H]1Nc2c(N1c1ccccn1)c1ccccc1c1c2cccc1"
"PICT","O=Cc1ccc(cc1)[C@@H]1Nc2c(N1c1cccnc1)c1ccccc1c1c2cccc1"
"PICT","Cc1cccc2c1nc(cc2)c1nc2c(s1)cccc2"
"PICT","Oc1ccc2c(c1)oc1c(c2c2cc(C)ccc2C(=O)O)ccc(=O)c1"
"PICT","Oc1ccc2c(c1)CCC(=C2)C(=O)C"
"PICT","Nc1ccc(c2c1c(N)ccc2)[S+2]([O-])([O-])[O-]"
"PICT","CCN(c1ccc2c(c1)[o+]c(cc2c1ccccc1C(=O)O)c1cc2ccc(cc2oc1=O)O)CC"
"PICT","COc1ccc2c(c1)OC1=C(C=O)CCCC1=C2"
"PICT","COc1ccc2c(c1)OC1=C(CCCC1=C2)C=C1C(=O)c2c(C1=O)cccc2"
"PICT","N/N=C\C1=C2Oc3cc(OC)ccc3C=C2CCC1"
"PICT","O=Cc1ccc(cc1)c1ccc2c(c1)c1ccccc1n2c1ccccc1"
"PICT","O=C1C(=Cc2ccc(cc2)c2ccc3c(c2)c2ccccc2n3c2ccccc2)C(=O)c2c1cccc2"
"PICT","Oc1ccc2c(c1)oc(=O)c(c2)C(=O)/C=C/c1ccc(cc1)N(c1ccccc1)c1ccccc1"
"PICT","O=c1ccc2c(o1)ccc1c2c(C)c([nH]1)C"
"PICT","O=c1ccc2c(o1)cc1c(c2)[nH]c(c1C)C"
"PICT","N#Cc1ccc(cc1)c1cc(=O)oc2c1c1c(cc2)[nH]c(c1C)C"
"PICT","O=c1oc2ccc3c(c2cc1c1ccc(cc1)N(C)C)c(C)c([nH]3)C"
"PICT","O=c1cc(C)c2c(o1)c(c(cc2)O)c1nc2c(s1)cccc2"
"PICT","O=c1cc(C)c2c(o1)c1c(cc2)O[B-]([n+]2c1sc1c2cccc1)(F)F"
"PICT","c1ccc(cc1)N(c1ccccc1)c1ccc(cc1)c1cc(nc(c1)c1ccccn1)c1ccccn1"
"PICT","CCC1=C(C)C2=C(c3ccccc3)c3n([B-]([N+]2=C1C)(F)F)c1c(c3)c(=O)oc2c1ccc(c2)N(CC)CC"
"PICT","CCN(c1ccc2c(c1)oc(=O)c1c2n2c(c1)C(=C1[N+](=C(C)C=C1C)[B-]2(F)F)c1ccccc1)CC"
"PICT","O=c1cc(C)c2c(o1)c1cc(c(=O)oc1cc2)c1nc2c(s1)cccc2"
"PICT","Brc1ccc(cc1)c1cc2c(oc1=O)ccc1c2oc(=O)cc1C"
"PICT","O=c1cc(C)c2c(o1)c1cc(c3ccc(cc3)C#Cc3ccc(cc3)N(C)C)c(=O)oc1cc2"
"PICT","O=C1c2cc(ccc2c2c1cc(cc2)c1ccc(cc1)N(c1ccccc1)c1ccccc1)c1ccc(cc1)N(c1ccccc1)C"
"PICT","CCN(c1ccc2c(c1)oc(=O)c1c2sc(c1)C=O)CC"
"PICT","O=Cc1cc(cc(c1O)O)c1nc2c(s1)cccc2"
"PICT","O=Cc1cnn(n1)c1ccc(cc1)c1ccc(cc1)N(c1ccccc1)c1ccccc1"
"PICT","N#C/C(=C\c1ccc(o1)c1ccc(cc1)[N+](=O)[O-])/c1nc2c(s1)cccc2"
"PICT","N#CC(=C1c2ccccc2C(=O)/C/1=C\c1ccc2c(c1)Sc1c(N2CC)cccc1)C#N"
"PICT","N#CC(=C1C=C(/C=C/c2ccc(o2)c2n(C)nc3c2cc(N)cc3)Oc2c1cccc2)C#N"
"PICT","Oc1ccc(cc1)c1ccc(c2c1nsn2)c1ccc(cc1)O"
"PICT","O=Cc1c(O)ccc2c1oc(=O)cc2C"
"PICT","C#CCn1c2ccc(cc2c2c1cccc2)/C=C/C1=[N+]2C(=C(c3ccccc3)c3n([B-]2(F)F)c(/C=C/c2ccc4c(c2)c2ccccc2n4CC#C)cc3C)C(=C1)C"
"PICT","O1CCN(CCOCCOCCOCC1)c1ccc(cc1)c1nnc(o1)c1ccncc1"
"PICT","CCN(c1ccc(cc1)c1ccc2c(c1)oc(=O)c1c2c2ccc(cc2oc1=O)O)CC"
"PICT","CCN(c1ccc2c(c1)oc1c3c2c2ccc(cc2oc3cc(=O)c1)O)CC"
"PICT","Oc1ccc2c(c1)oc(=O)c(c2)C"
"PICT","O=Cc1sc(c2c1OCCO2)/C=C/c1ccc(cc1)N(c1ccc(cc1)Br)C1=CC=C(C#C1)Br"
"PICT","O=Cc1cc(C=O)c(c(c1)c1nc2c(s1)cccc2)O"
"PICT","CCn1c2ccc(cc2c2c1cccc2)/N=C/c1ccccn1"
"PICT","N#CC([C@H]1C=C(/C=C/c2ccc(c(c2)C=O)O)CC(C1)(C)C)C#N"
"PICT","O=Cc1cc(/N=N/c2ccc(cc2)[N+](=O)[O-])ccc1O"
"PICT","OC(=O)/C=C/c1ccc(c2c1cccc2)N(C)C"
"PICT","O=Cc1cc(ccc1O)c1ccc(cc1)C#N"
"PICT","N#C/C(=C\c1ccc(cc1)O)/c1nc2c(s1)cccc2"
"PICT","CN(c1ccc2c(c1)ccc([nH+]2)C)C"
"PICT","Oc1ccc(c(c1)C(=O)/C=C/c1ccc(cc1)N(C)C)O"
"PICT","OCc1cnc(c(c1c1nc2c([nH]1)c1ccccc1c1c2cccc1)O)C"
"PICT","COCCOc1ccc(cc1)c1c2nsnc2c(c2c1[nH]c(=O)c(=O)[nH]2)c1ccc(cc1)OC"
"PICT","CCN1c2cc(ccc2Sc2c1cccc2)C=C(C#N)C#N"
"PICT","CC(=O)/C=C/c1ccc(cc1)N(C)C"
"PICT","CN(C1=CC=C(CC1)c1ccc(s1)c1cnc(cn1)c1ccc(s1)c1ccc(cc1)N(C)C)C"
"PICT","O=Cc1cc2cc(O)ccc2nc1Cl"
"PICT","Oc1c(/C=C/c2sc3c([n+]2C)cccc3)cc2c3c1CCCN3CCC2"
"PICT","O=Cc1ccc(s1)c1ccc(s1)C1=CCCS1"
"PICT","O=C1C(=Cc2ccc3c(c2)ccn3C)C(=O)c2c1cccc2"
"PICT","O=c1oc2cc(ccc2cc1c1ccncn1)N(C)C"
"PICT","CCN(c1ccc(cc1)/C=C/C(=O)/C=C/c1ccccc1)C"
"PICT","CCN(c1ccc(cc1)/C=C/C(=O)/C=C/c1ccc(cc1)NC)CC"
"PICT","CCCC[C@H](COC(=O)c1ccc(cc1)N(C)C)CC"
"PICT","O=Cc1ccc(cc1)c1nc2c([nH]1)c1ccccc1c1c2cccc1"
"PICT","CN(c1ccc(cc1)/C=C/c1ccnc(c1)n1c(=O)c2cccc3c2c(c1=O)ccc3)C"
"PICT","Cc1ccc(cc1)/C=[N+]\1/N=c2n([B-]1(F)F)cccc2"
"PICT","CN(c1ccc(cc1)/C=[N+]\1/N=c2n([B-]1(F)F)cccc2)C"
"PICT","CN(c1ccc(cc1)C=C1C(=O)NC(=O)NC1=O)C"
"PICT","CCN1c2ccc(cc2Sc2c1ccc(c2)C=O)C=O"
"PICT","N#CC(=C[C@@H]1CC=C2[C@@H](C1)SC1=C(N2)C=C[C@@H](C1)C=C(C#N)C#N)C#N"
"PICT","N#CC(=C1C=C(C)OC(=C1)c1ccc(cc1)NC)C#N"
"PICT","N#CC1=C(C#N)C(=O)c2c3c1ccc(c3ccc2)NC"
"PICT","O=C1C(=C(c2ccc(cc2)/C=C/c2sc3c([n+]2C)cccc3)C(=O)c2c1cccc2)c1ccc(cc1)/C=C/c1sc2c([n+]1C)cccc2"
"PICT","N#C/C(=C/C=C(/c1cc2cc3CCCN4c3c(c2oc1=O)CCC4)\Cl)/C(=O)O"
"PICT","O=c1cc(C)c2c(o1)c1CCCN3c1c(c2)CCC3"
"PICT","O=C1C(=C(Br)C(=O)c2c1nc([nH]2)C(C)C)Br"
"PICT","N#C/C(=C\c1ccc2c(c1)Cc1c(N2CC)cccc1)/c1ccccc1"
"PICT","N#C/C(=C\c1ccc2c(c1)Cc1c(N2CC)cccc1)/c1ccc(cc1)c1ccc(cc1)N(c1ccccc1)c1ccccc1"
"PICT","CCN1c2ccc(cc2Sc2c1cccc2)/C=C(/c1ccc(cc1)c1ccc(cc1)C#N)\C#N"
"PICT","N=Cc1c(O)ccc2c1cccc2"
"PICT","CC1=[N+]2C(=C(c3ccccc3)c3n([B-]2(F)F)c(C)cc3)CC1"
"PICT","CC(=O)c1ccc2n(c1=O)CCc1c2[nH]c2c1cccc2"
"PICT","CCN1c2ccc(cc2Sc2c1ccc(c2)C#Cc1c2ccccc2cc2c1cccc2)C#Cc1c2ccccc2cc2c1cccc2"
"PICT","CCC1=C(C)C2=C(c3ccccc3)c3n([B-]([N+]2=C1C)(F)F)c1c(c3)c(=O)oc2c1cccc2"
"PICT","c1ccc(cc1)c1nc(n2c1cccc2)c1c2ccccc2cc2c1cccc2"
"PICT","C1#CC=C(C=C1)c1nc(nc(n1)c1ccccc1)c1ccc(cc1)N1C2=CC#CC=C2Sc2c1cccc2"
"PICT","N#CC(=C1C=C(/C=C/c2ccc(cc2)O)OC(=C1)C)C#N"
"PICT","CN(c1ccc(cc1)/C=C/C(=O)O)C"
"PICT","[O-][N+](=O)c1ccc(c2c1non2)NCCCC"
"PICT","N#CC1=C(/C=C/c2ccc(cc2)O)C(OC1=C(C#N)C#N)(C)C"
"PICT","CCN(c1ccc(c(c1)O)/C=C/C1=C(C#N)C(=C(C#N)C#N)OC1(C)C)CC"
"PICT","N#CC(=C1C=C(/C=C/c2ccc(c(c2)c2nc3c(s2)cccc3)O)Oc2c1cccc2)C#N"
"PICT","O=C1c2cc(ccc2c2c1cccc2)c1ccc(cc1)c1nc2c(n1c1ccccc1)c1ccccc1c1c2cccc1"
"PICT","O=C1c2cc(ccc2c2c1cccc2)C1=Cc2c(CC1)cc(cc2)c1nc2c(n1c1ccccc1)c1ccccc1c1c2cccc1"
"PICT","N#CC(=Cc1cn(nc1c1ccc(cc1)OC)c1ccccn1)C#N"
"PICT","CCCCn1c2ccc(cc2c2c1cccc2)C(=C(C#N)C#N)/C=C/c1ccc(cc1)n1cncc1"
"PICT","CC[N+]1=C(/C=C/C2=C(Cl)/C(=C/C=c\3/n(CC)c4c5c3cccc5ccc4)/CCC2)c2c3c1cccc3ccc2"
"PICT","[O-]C(=O)c1cc(ccc1c1c2ccc(c(c2oc2c1ccc(=[NH2+])c2[S+2]([O-])([O-])[O-])[S+2]([O-])([O-])[O-])N)C(=O)[O-]"
"PICT","Nc1ccc2c(c1)C(C)(C)C(=[N+]2C)/C=C/C1=C2Cc3cc(O)ccc3C=C2CCC1"
"PICT","[O-][N+](=O)c1ccc(c2c1non2)NCC"
"PICT","[O-][N+](=O)c1ccc(c2c1nsn2)NCC"
"PICT","N#CC(=CC1=C2Oc3cc(O)ccc3C=C2CCC1)C#N"
"PICT","CCN(c1ccc(cc1)c1c(OC)c(OC)c(c2c1n[s+][n-]2)c1ccc(cc1)N(CC)CC)CC"
"PICT","CSc1ccc2c3c1cccc3c(=O)n(c2=O)CC"
"PICT","CCN(c1ccc2c(c1)oc(=O)c(c2)C1=[O+][B-](OC(=C1)C)(F)F)CC"
"PICT","N#Cc1cc2cc3ccc(cc3cc2oc1=N)N(C)C"
"PICT","CCN(C1=C[C@@H]2C(=C[C@@H](C(=O)O2)C(=O)/C=C/c2cc3ccc(cc3oc2=O)N(CC)CC)C=C1)CC"
"PICT","CCN(c1ccc2c(c1)oc(=O)c(c2)/C=C(/C(=O)O)\C#N)CC"
"PICT","CCN(c1ccc2c(c1)[o+]c(cc2)c1ccc(cc1)N1CCNCC1)CC"
"PICT","On1c(=O)c2ccc(c3c2c(c1=O)ccc3)N1CCOCC1"
"PICT","Oc1ccc2c(c1/C=N/c1n[nH]c(c1)c1ccccc1)cccc2"
"PICT","O=Cc1ccc(cc1)c1nc2c([nH]1)c1C(=O)c3ccccc3C(=O)c1cc2"
"PICT","CCOC(=O)c1cc2cc(ccc2cc1C(=O)OCC)N(C)C"
"PICT","F[B-]1(F)OC(=CC(=[O+]1)c1ccccc1)c1ccc(cc1)c1ccc(cc1)N(c1ccccc1)c1ccccc1"
"PICT","Oc1cc2CC(=C(C(=O)c2c(c1)O)O)c1ccc(c(c1)O)O"
"PICT","O=C1[C@@H]2N=C(N[C@H]2C(=O)c2c1cccc2)c1cccs1"
"PICT","CN(c1ccc(cc1)/C=C/c1oc2ccccc2c(=O)c1O)C"
"PICT","CCN(c1ccc2c(c1)oc(=O)c(c2)[C@H]1C=C(/C=C/c2cc(OC)ccc2OC)O[B-](O1)(F)F)CC"
"PICT","COC(=O)c1ccccc1c1c2ccc(=[NH2+])cc2oc2=C[C@@H](CC=c12)N"
"PICT","CCCCCCCCCCN1c2ccccc2Sc2c1ccc(c2)/C=C(/c1ccccc1)\C#N"
"PICT","CCCCCCCCCCN1c2ccc(cc2Sc2c1cccc2)/C=C(/c1ccc(cc1)c1ccc(cc1)C#N)\C#N"
